app/api/actions/[actionId]/artifacts/route.ts(16,40): error TS2345: Argument of type 'SqlClient' is not assignable to parameter of type 'SqlTag'.
  The types returned by 'query(...)' are incompatible between these types.
    Type 'Promise<unknown>' is not assignable to type 'Promise<Record<string, unknown>[]>'.
      Type 'unknown' is not assignable to type 'Record<string, unknown>[]'.
app/api/actions/[actionId]/graph/route.ts(23,42): error TS2345: Argument of type 'SqlClient' is not assignable to parameter of type 'SqlClient'.
  The types returned by 'query(...)' are incompatible between these types.
    Type 'Promise<unknown>' is not assignable to type 'Promise<Row[]>'.
      Type 'unknown' is not assignable to type 'Row[]'.
app/api/actions/[actionId]/messages/route.ts(22,53): error TS2345: Argument of type 'SqlClient' is not assignable to parameter of type 'SqlClient'.
  The types returned by 'query(...)' are incompatible between these types.
    Type 'Promise<unknown>' is not assignable to type 'Promise<Record<string, unknown>[]>'.
      Type 'unknown' is not assignable to type 'Record<string, unknown>[]'.
app/api/actions/[actionId]/messages/route.ts(38,50): error TS2345: Argument of type 'SqlClient' is not assignable to parameter of type 'SqlClient'.
  The types returned by 'query(...)' are incompatible between these types.
    Type 'Promise<unknown>' is not assignable to type 'Promise<Record<string, unknown>[]>'.
      Type 'unknown' is not assignable to type 'Record<string, unknown>[]'.
app/api/actions/[actionId]/messages/route.ts(49,46): error TS2345: Argument of type 'SqlClient' is not assignable to parameter of type 'SqlClient'.
  The types returned by 'query(...)' are incompatible between these types.
    Type 'Promise<unknown>' is not assignable to type 'Promise<Row[]>'.
      Type 'unknown' is not assignable to type 'Row[]'.
app/api/actions/[actionId]/messages/route.ts(58,54): error TS2345: Argument of type 'SqlClient' is not assignable to parameter of type 'SqlClient'.
  The types returned by 'query(...)' are incompatible between these types.
    Type 'Promise<unknown>' is not assignable to type 'Promise<Record<string, unknown>[]>'.
      Type 'unknown' is not assignable to type 'Record<string, unknown>[]'.
app/api/actions/[actionId]/outcome/route.ts(61,44): error TS2345: Argument of type 'SqlClient' is not assignable to parameter of type 'SqlClient'.
  The types returned by 'query(...)' are incompatible between these types.
    Type 'Promise<unknown>' is not assignable to type 'Promise<Row[]>'.
      Type 'unknown' is not assignable to type 'Row[]'.
app/api/actions/[actionId]/outcome/route.ts(126,45): error TS2345: Argument of type 'SqlClient' is not assignable to parameter of type 'SqlClient'.
  The types returned by 'query(...)' are incompatible between these types.
    Type 'Promise<unknown>' is not assignable to type 'Promise<Row[]>'.
      Type 'unknown' is not assignable to type 'Row[]'.
app/api/actions/[actionId]/outcome/route.ts(142,43): error TS2345: Argument of type 'SqlClient' is not assignable to parameter of type 'SqlClient'.
  The types returned by 'query(...)' are incompatible between these types.
    Type 'Promise<unknown>' is not assignable to type 'Promise<Row[]>'.
      Type 'unknown' is not assignable to type 'Row[]'.
app/api/actions/[actionId]/outcome/route.ts(171,44): error TS2345: Argument of type 'SqlClient' is not assignable to parameter of type 'SqlTag'.
  The types returned by 'query(...)' are incompatible between these types.
    Type 'Promise<unknown>' is not assignable to type 'Promise<Record<string, unknown>[]>'.
      Type 'unknown' is not assignable to type 'Record<string, unknown>[]'.
app/api/actions/[actionId]/outcome/route.ts(173,36): error TS2345: Argument of type 'SqlClient' is not assignable to parameter of type 'SqlTag'.
  The types returned by 'query(...)' are incompatible between these types.
    Type 'Promise<unknown>' is not assignable to type 'Promise<Record<string, unknown>[]>'.
      Type 'unknown' is not assignable to type 'Record<string, unknown>[]'.
app/api/actions/[actionId]/route.ts(36,49): error TS2345: Argument of type 'SqlClient' is not assignable to parameter of type 'SqlClient'.
  The types returned by 'query(...)' are incompatible between these types.
    Type 'Promise<unknown>' is not assignable to type 'Promise<Row[]>'.
      Type 'unknown' is not assignable to type 'Row[]'.
app/api/actions/[actionId]/route.ts(82,51): error TS2345: Argument of type 'SqlClient' is not assignable to parameter of type 'SqlTag'.
  The types returned by 'query(...)' are incompatible between these types.
    Type 'Promise<unknown>' is not assignable to type 'Promise<Record<string, unknown>[]>'.
      Type 'unknown' is not assignable to type 'Record<string, unknown>[]'.
app/api/actions/[actionId]/route.ts(121,49): error TS2345: Argument of type 'SqlClient' is not assignable to parameter of type 'SqlClient'.
  The types returned by 'query(...)' are incompatible between these types.
    Type 'Promise<unknown>' is not assignable to type 'Promise<Row[]>'.
      Type 'unknown' is not assignable to type 'Row[]'.
app/api/actions/[actionId]/route.ts(125,49): error TS2345: Argument of type 'SqlClient' is not assignable to parameter of type 'SqlClient'.
  The types returned by 'query(...)' are incompatible between these types.
    Type 'Promise<unknown>' is not assignable to type 'Promise<Row[]>'.
      Type 'unknown' is not assignable to type 'Row[]'.
app/api/actions/[actionId]/route.ts(130,50): error TS2345: Argument of type 'SqlClient' is not assignable to parameter of type 'SqlClient'.
  The types returned by 'query(...)' are incompatible between these types.
    Type 'Promise<unknown>' is not assignable to type 'Promise<Row[]>'.
      Type 'unknown' is not assignable to type 'Row[]'.
app/api/actions/[actionId]/route.ts(142,49): error TS2345: Argument of type 'SqlClient' is not assignable to parameter of type 'SqlClient'.
  The types returned by 'query(...)' are incompatible between these types.
    Type 'Promise<unknown>' is not assignable to type 'Promise<Row[]>'.
      Type 'unknown' is not assignable to type 'Row[]'.
app/api/actions/[actionId]/route.ts(146,49): error TS2345: Argument of type 'SqlClient' is not assignable to parameter of type 'SqlClient'.
  The types returned by 'query(...)' are incompatible between these types.
    Type 'Promise<unknown>' is not assignable to type 'Promise<Row[]>'.
      Type 'unknown' is not assignable to type 'Row[]'.
app/api/actions/[actionId]/route.ts(157,47): error TS2345: Argument of type 'SqlClient' is not assignable to parameter of type 'SqlClient'.
  The types returned by 'query(...)' are incompatible between these types.
    Type 'Promise<unknown>' is not assignable to type 'Promise<Row[]>'.
      Type 'unknown' is not assignable to type 'Row[]'.
app/api/actions/[actionId]/route.ts(178,48): error TS2345: Argument of type 'SqlClient' is not assignable to parameter of type 'SqlClient'.
  The types returned by 'query(...)' are incompatible between these types.
    Type 'Promise<unknown>' is not assignable to type 'Promise<Record<string, unknown>[]>'.
      Type 'unknown' is not assignable to type 'Record<string, unknown>[]'.
app/api/actions/[actionId]/route.ts(182,62): error TS2345: Argument of type 'SqlClient' is not assignable to parameter of type 'SqlTag'.
  The types returned by 'query(...)' are incompatible between these types.
    Type 'Promise<unknown>' is not assignable to type 'Promise<Record<string, unknown>[]>'.
      Type 'unknown' is not assignable to type 'Record<string, unknown>[]'.
app/api/actions/[actionId]/route.ts(184,50): error TS2345: Argument of type 'SqlClient' is not assignable to parameter of type 'SqlTag'.
  The types returned by 'query(...)' are incompatible between these types.
    Type 'Promise<unknown>' is not assignable to type 'Promise<Record<string, unknown>[]>'.
      Type 'unknown' is not assignable to type 'Record<string, unknown>[]'.
app/api/actions/[actionId]/route.ts(203,40): error TS2345: Argument of type 'SqlClient' is not assignable to parameter of type 'SqlTag'.
  The types returned by 'query(...)' are incompatible between these types.
    Type 'Promise<unknown>' is not assignable to type 'Promise<Record<string, unknown>[]>'.
      Type 'unknown' is not assignable to type 'Record<string, unknown>[]'.
app/api/actions/[actionId]/trace/route.ts(22,48): error TS2345: Argument of type 'SqlClient' is not assignable to parameter of type 'SqlClient'.
  The types returned by 'query(...)' are incompatible between these types.
    Type 'Promise<unknown>' is not assignable to type 'Promise<Row[]>'.
      Type 'unknown' is not assignable to type 'Row[]'.
app/api/actions/costs/route.ts(22,43): error TS2345: Argument of type 'SqlClient' is not assignable to parameter of type 'SqlClient'.
  The types returned by 'query(...)' are incompatible between these types.
    Type 'Promise<unknown>' is not assignable to type 'Promise<Row[]>'.
      Type 'unknown' is not assignable to type 'Row[]'.
app/api/actions/loops/[loopId]/route.ts(31,9): error TS18046: 'loops' is of type 'unknown'.
app/api/actions/loops/[loopId]/route.ts(35,38): error TS18046: 'loops' is of type 'unknown'.
app/api/actions/loops/[loopId]/route.ts(91,9): error TS18046: 'result' is of type 'unknown'.
app/api/actions/loops/[loopId]/route.ts(93,11): error TS18046: 'existing' is of type 'unknown'.
app/api/actions/loops/[loopId]/route.ts(96,62): error TS18046: 'existing' is of type 'unknown'.
app/api/actions/loops/[loopId]/route.ts(99,18): error TS18046: 'result' is of type 'unknown'.
app/api/actions/loops/route.ts(103,23): error TS18046: 'countResult' is of type 'unknown'.
app/api/actions/loops/route.ts(104,14): error TS18046: 'stats' is of type 'unknown'.
app/api/actions/loops/route.ts(140,9): error TS18046: 'action' is of type 'unknown'.
app/api/actions/loops/route.ts(163,18): error TS18046: 'result' is of type 'unknown'.
app/api/actions/loops/route.ts(169,17): error TS18046: 'action' is of type 'unknown'.
app/api/actions/loops/route.ts(170,19): error TS18046: 'action' is of type 'unknown'.
app/api/actions/loops/route.ts(170,43): error TS18046: 'action' is of type 'unknown'.
app/api/actions/loops/route.ts(171,22): error TS18046: 'action' is of type 'unknown'.
app/api/actions/loops/route.ts(172,20): error TS18046: 'action' is of type 'unknown'.
app/api/actions/route.ts(54,38): error TS2345: Argument of type 'SqlClient' is not assignable to parameter of type 'SqlClient'.
  The types returned by 'query(...)' are incompatible between these types.
    Type 'Promise<unknown>' is not assignable to type 'Promise<Row[]>'.
      Type 'unknown' is not assignable to type 'Row[]'.
app/api/actions/route.ts(96,56): error TS2345: Argument of type 'SqlClient' is not assignable to parameter of type 'SqlClient'.
  The types returned by 'query(...)' are incompatible between these types.
    Type 'Promise<unknown>' is not assignable to type 'Promise<Row[]>'.
      Type 'unknown' is not assignable to type 'Row[]'.
app/api/actions/route.ts(137,42): error TS2345: Argument of type 'SqlClient' is not assignable to parameter of type 'SqlTag'.
  Type 'unknown' is not assignable to type 'Promise<Record<string, unknown>[]>'.
app/api/actions/route.ts(138,81): error TS2345: Argument of type 'SqlClient' is not assignable to parameter of type 'SqlTag'.
  Type 'unknown' is not assignable to type 'Promise<Record<string, unknown>[]>'.
app/api/actions/route.ts(149,45): error TS2345: Argument of type 'SqlClient' is not assignable to parameter of type 'SqlClient'.
  The types returned by 'query(...)' are incompatible between these types.
    Type 'Promise<unknown>' is not assignable to type 'Promise<Row[]>'.
      Type 'unknown' is not assignable to type 'Row[]'.
app/api/actions/route.ts(161,73): error TS2345: Argument of type 'SqlClient' is not assignable to parameter of type 'SqlTag'.
  Type 'unknown' is not assignable to type 'Promise<Record<string, unknown>[]>'.
app/api/actions/route.ts(185,53): error TS2345: Argument of type 'SqlClient' is not assignable to parameter of type 'SqlTag'.
  The types returned by 'query(...)' are incompatible between these types.
    Type 'Promise<unknown>' is not assignable to type 'Promise<Record<string, unknown>[]>'.
      Type 'unknown' is not assignable to type 'Record<string, unknown>[]'.
app/api/actions/route.ts(201,96): error TS2345: Argument of type 'SqlClient' is not assignable to parameter of type 'SqlTag'.
  The types returned by 'query(...)' are incompatible between these types.
    Type 'Promise<unknown>' is not assignable to type 'Promise<Record<string, unknown>[]>'.
      Type 'unknown' is not assignable to type 'Record<string, unknown>[]'.
app/api/actions/route.ts(217,8): error TS2345: Argument of type 'SqlClient' is not assignable to parameter of type 'GuardSql'.
  The types returned by 'query(...)' are incompatible between these types.
    Type 'Promise<unknown>' is not assignable to type 'Promise<Record<string, unknown>[]>'.
      Type 'unknown' is not assignable to type 'Record<string, unknown>[]'.
app/api/actions/route.ts(233,61): error TS2345: Argument of type 'SqlClient' is not assignable to parameter of type 'SqlClient'.
  The types returned by 'query(...)' are incompatible between these types.
    Type 'Promise<unknown>' is not assignable to type 'Promise<Row[]>'.
      Type 'unknown' is not assignable to type 'Row[]'.
app/api/actions/route.ts(272,51): error TS2345: Argument of type 'SqlClient' is not assignable to parameter of type 'SqlTag'.
  The types returned by 'query(...)' are incompatible between these types.
    Type 'Promise<unknown>' is not assignable to type 'Promise<Record<string, unknown>[]>'.
      Type 'unknown' is not assignable to type 'Record<string, unknown>[]'.
app/api/actions/route.ts(276,52): error TS2345: Argument of type 'SqlClient' is not assignable to parameter of type 'SqlClient'.
  The types returned by 'query(...)' are incompatible between these types.
    Type 'Promise<unknown>' is not assignable to type 'Promise<Row[]>'.
      Type 'unknown' is not assignable to type 'Row[]'.
app/api/actions/route.ts(289,70): error TS2345: Argument of type 'SqlClient' is not assignable to parameter of type 'SqlTag'.
  Type 'unknown' is not assignable to type 'Promise<Record<string, unknown>[]>'.
app/api/actions/route.ts(291,57): error TS2345: Argument of type 'SqlClient' is not assignable to parameter of type 'SqlTag'.
  Type 'unknown' is not assignable to type 'Promise<Record<string, unknown>[]>'.
app/api/actions/route.ts(295,33): error TS2345: Argument of type 'SqlClient' is not assignable to parameter of type 'SqlTag'.
  The types returned by 'query(...)' are incompatible between these types.
    Type 'Promise<unknown>' is not assignable to type 'Promise<Record<string, unknown>[]>'.
      Type 'unknown' is not assignable to type 'Record<string, unknown>[]'.
app/api/actions/route.ts(303,29): error TS2345: Argument of type 'SqlClient' is not assignable to parameter of type 'SqlClient'.
  The types returned by 'query(...)' are incompatible between these types.
    Type 'Promise<unknown>' is not assignable to type 'Promise<Record<string, unknown>[]>'.
      Type 'unknown' is not assignable to type 'Record<string, unknown>[]'.
app/api/actions/route.ts(320,39): error TS2345: Argument of type 'SqlClient' is not assignable to parameter of type 'SqlClient'.
  The types returned by 'query(...)' are incompatible between these types.
    Type 'Promise<unknown>' is not assignable to type 'Promise<Row[]>'.
      Type 'unknown' is not assignable to type 'Row[]'.
app/api/actions/route.ts(370,10): error TS2345: Argument of type 'SqlClient' is not assignable to parameter of type 'SqlClient'.
  Type 'unknown' is not assignable to type 'Promise<Record<string, unknown>[]>'.
app/api/actions/route.ts(379,29): error TS2345: Argument of type 'SqlClient' is not assignable to parameter of type 'SqlClient'.
  The types returned by 'query(...)' are incompatible between these types.
    Type 'Promise<unknown>' is not assignable to type 'Promise<Row[]>'.
      Type 'unknown' is not assignable to type 'Row[]'.
app/api/actions/route.ts(434,47): error TS2345: Argument of type 'SqlClient' is not assignable to parameter of type 'SqlClient'.
  The types returned by 'query(...)' are incompatible between these types.
    Type 'Promise<unknown>' is not assignable to type 'Promise<Row[]>'.
      Type 'unknown' is not assignable to type 'Row[]'.
app/api/actions/route.ts(440,47): error TS2345: Argument of type 'SqlClient' is not assignable to parameter of type 'SqlClient'.
  The types returned by 'query(...)' are incompatible between these types.
    Type 'Promise<unknown>' is not assignable to type 'Promise<Row[]>'.
      Type 'unknown' is not assignable to type 'Row[]'.
app/api/actions/route.ts(483,41): error TS18046: 'result' is of type 'unknown'.
app/api/actions/stats/route.ts(22,61): error TS2345: Argument of type 'SqlClient' is not assignable to parameter of type 'SqlClient'.
  The types returned by 'query(...)' are incompatible between these types.
    Type 'Promise<unknown>' is not assignable to type 'Promise<Row[]>'.
      Type 'unknown' is not assignable to type 'Row[]'.
app/api/activity/route.ts(76,14): error TS18046: 'stats' is of type 'unknown'.
app/api/admin/trigger-outcome-sweep/route.ts(17,36): error TS2345: Argument of type 'SqlClient' is not assignable to parameter of type 'SqlTag'.
  The types returned by 'query(...)' are incompatible between these types.
    Type 'Promise<unknown>' is not assignable to type 'Promise<Record<string, unknown>[]>'.
      Type 'unknown' is not assignable to type 'Record<string, unknown>[]'.
app/api/admin/trigger-outcome-sweep/route.ts(46,49): error TS2345: Argument of type 'SqlClient' is not assignable to parameter of type 'SqlClient'.
  The types returned by 'query(...)' are incompatible between these types.
    Type 'Promise<unknown>' is not assignable to type 'Promise<Row[]>'.
      Type 'unknown' is not assignable to type 'Row[]'.
app/api/agents/[agentId]/profile/route.ts(16,40): error TS2345: Argument of type 'SqlClient' is not assignable to parameter of type 'SqlClient'.
  The types returned by 'query(...)' are incompatible between these types.
    Type 'Promise<unknown>' is not assignable to type 'Promise<Record<string, unknown>[]>'.
      Type 'unknown' is not assignable to type 'Record<string, unknown>[]'.
app/api/agents/[agentId]/profile/route.ts(22,28): error TS2345: Argument of type 'SqlClient' is not assignable to parameter of type 'SqlClient'.
  The types returned by 'query(...)' are incompatible between these types.
    Type 'Promise<unknown>' is not assignable to type 'Promise<Record<string, unknown>[]>'.
      Type 'unknown' is not assignable to type 'Record<string, unknown>[]'.
app/api/agents/[agentId]/profile/route.ts(23,38): error TS2345: Argument of type 'SqlClient' is not assignable to parameter of type 'SqlClient'.
  The types returned by 'query(...)' are incompatible between these types.
    Type 'Promise<unknown>' is not assignable to type 'Promise<Record<string, unknown>[]>'.
      Type 'unknown' is not assignable to type 'Record<string, unknown>[]'.
app/api/agents/[agentId]/profile/route.ts(24,29): error TS2345: Argument of type 'SqlClient' is not assignable to parameter of type 'SqlClient'.
  The types returned by 'query(...)' are incompatible between these types.
    Type 'Promise<unknown>' is not assignable to type 'Promise<Record<string, unknown>[]>'.
      Type 'unknown' is not assignable to type 'Record<string, unknown>[]'.
app/api/agents/[agentId]/route.ts(15,40): error TS2345: Argument of type 'SqlClient' is not assignable to parameter of type 'SqlClient'.
  The types returned by 'query(...)' are incompatible between these types.
    Type 'Promise<unknown>' is not assignable to type 'Promise<Record<string, unknown>[]>'.
      Type 'unknown' is not assignable to type 'Record<string, unknown>[]'.
app/api/agents/connections/route.ts(18,34): error TS2345: Argument of type 'SqlClient' is not assignable to parameter of type 'SqlTag'.
  The types returned by 'query(...)' are incompatible between these types.
    Type 'Promise<unknown>' is not assignable to type 'Promise<Record<string, unknown>[]>'.
      Type 'unknown' is not assignable to type 'Record<string, unknown>[]'.
app/api/agents/connections/route.ts(24,47): error TS2345: Argument of type 'SqlClient' is not assignable to parameter of type 'SqlTag'.
  The types returned by 'query(...)' are incompatible between these types.
    Type 'Promise<unknown>' is not assignable to type 'Promise<Record<string, unknown>[]>'.
      Type 'unknown' is not assignable to type 'Record<string, unknown>[]'.
app/api/agents/connections/route.ts(47,34): error TS2345: Argument of type 'SqlClient' is not assignable to parameter of type 'SqlTag'.
  The types returned by 'query(...)' are incompatible between these types.
    Type 'Promise<unknown>' is not assignable to type 'Promise<Record<string, unknown>[]>'.
      Type 'unknown' is not assignable to type 'Record<string, unknown>[]'.
app/api/agents/connections/route.ts(49,57): error TS2345: Argument of type 'SqlClient' is not assignable to parameter of type 'SqlTag'.
  The types returned by 'query(...)' are incompatible between these types.
    Type 'Promise<unknown>' is not assignable to type 'Promise<Record<string, unknown>[]>'.
      Type 'unknown' is not assignable to type 'Record<string, unknown>[]'.
app/api/agents/heartbeat/route.ts(45,31): error TS2345: Argument of type 'SqlClient' is not assignable to parameter of type 'SqlClient'.
  The types returned by 'query(...)' are incompatible between these types.
    Type 'Promise<unknown>' is not assignable to type 'Promise<Record<string, unknown>[]>'.
      Type 'unknown' is not assignable to type 'Record<string, unknown>[]'.
app/api/agents/heartbeat/route.ts(69,40): error TS2345: Argument of type 'SqlClient' is not assignable to parameter of type 'SqlClient'.
  The types returned by 'query(...)' are incompatible between these types.
    Type 'Promise<unknown>' is not assignable to type 'Promise<Record<string, unknown>[]>'.
      Type 'unknown' is not assignable to type 'Record<string, unknown>[]'.
app/api/agents/invoke/route.ts(20,61): error TS2345: Argument of type 'SqlClient' is not assignable to parameter of type 'SqlTag'.
  The types returned by 'query(...)' are incompatible between these types.
    Type 'Promise<unknown>' is not assignable to type 'Promise<Record<string, unknown>[]>'.
      Type 'unknown' is not assignable to type 'Record<string, unknown>[]'.
app/api/agents/registry/[id]/capabilities/route.ts(19,36): error TS2345: Argument of type 'SqlClient' is not assignable to parameter of type 'SqlTag'.
  The types returned by 'query(...)' are incompatible between these types.
    Type 'Promise<unknown>' is not assignable to type 'Promise<Record<string, unknown>[]>'.
      Type 'unknown' is not assignable to type 'Record<string, unknown>[]'.
app/api/agents/registry/[id]/capabilities/route.ts(22,54): error TS2345: Argument of type 'SqlClient' is not assignable to parameter of type 'SqlTag'.
  The types returned by 'query(...)' are incompatible between these types.
    Type 'Promise<unknown>' is not assignable to type 'Promise<Record<string, unknown>[]>'.
      Type 'unknown' is not assignable to type 'Record<string, unknown>[]'.
app/api/agents/registry/[id]/capabilities/route.ts(40,36): error TS2345: Argument of type 'SqlClient' is not assignable to parameter of type 'SqlTag'.
  The types returned by 'query(...)' are incompatible between these types.
    Type 'Promise<unknown>' is not assignable to type 'Promise<Record<string, unknown>[]>'.
      Type 'unknown' is not assignable to type 'Record<string, unknown>[]'.
app/api/agents/registry/[id]/capabilities/route.ts(43,30): error TS2345: Argument of type 'SqlClient' is not assignable to parameter of type 'SqlTag'.
  The types returned by 'query(...)' are incompatible between these types.
    Type 'Promise<unknown>' is not assignable to type 'Promise<Record<string, unknown>[]>'.
      Type 'unknown' is not assignable to type 'Record<string, unknown>[]'.
app/api/agents/registry/[id]/capabilities/route.ts(44,54): error TS2345: Argument of type 'SqlClient' is not assignable to parameter of type 'SqlTag'.
  The types returned by 'query(...)' are incompatible between these types.
    Type 'Promise<unknown>' is not assignable to type 'Promise<Record<string, unknown>[]>'.
      Type 'unknown' is not assignable to type 'Record<string, unknown>[]'.
app/api/agents/registry/[id]/route.ts(20,44): error TS2345: Argument of type 'SqlClient' is not assignable to parameter of type 'SqlTag'.
  The types returned by 'query(...)' are incompatible between these types.
    Type 'Promise<unknown>' is not assignable to type 'Promise<Record<string, unknown>[]>'.
      Type 'unknown' is not assignable to type 'Record<string, unknown>[]'.
app/api/agents/registry/[id]/route.ts(25,29): error TS2345: Argument of type 'SqlClient' is not assignable to parameter of type 'SqlTag'.
  The types returned by 'query(...)' are incompatible between these types.
    Type 'Promise<unknown>' is not assignable to type 'Promise<Record<string, unknown>[]>'.
      Type 'unknown' is not assignable to type 'Record<string, unknown>[]'.
app/api/agents/registry/[id]/route.ts(26,23): error TS2345: Argument of type 'SqlClient' is not assignable to parameter of type 'SqlTag'.
  The types returned by 'query(...)' are incompatible between these types.
    Type 'Promise<unknown>' is not assignable to type 'Promise<Record<string, unknown>[]>'.
      Type 'unknown' is not assignable to type 'Record<string, unknown>[]'.
app/api/agents/registry/[id]/route.ts(42,49): error TS2345: Argument of type 'SqlClient' is not assignable to parameter of type 'SqlTag'.
  The types returned by 'query(...)' are incompatible between these types.
    Type 'Promise<unknown>' is not assignable to type 'Promise<Record<string, unknown>[]>'.
      Type 'unknown' is not assignable to type 'Record<string, unknown>[]'.
app/api/agents/registry/route.ts(15,47): error TS2345: Argument of type 'SqlClient' is not assignable to parameter of type 'SqlTag'.
  The types returned by 'query(...)' are incompatible between these types.
    Type 'Promise<unknown>' is not assignable to type 'Promise<Record<string, unknown>[]>'.
      Type 'unknown' is not assignable to type 'Record<string, unknown>[]'.
app/api/agents/registry/route.ts(32,47): error TS2345: Argument of type 'SqlClient' is not assignable to parameter of type 'SqlTag'.
  The types returned by 'query(...)' are incompatible between these types.
    Type 'Promise<unknown>' is not assignable to type 'Promise<Record<string, unknown>[]>'.
      Type 'unknown' is not assignable to type 'Record<string, unknown>[]'.
app/api/agents/route.ts(14,43): error TS2345: Argument of type 'SqlClient' is not assignable to parameter of type 'SqlClient'.
  The types returned by 'query(...)' are incompatible between these types.
    Type 'Promise<unknown>' is not assignable to type 'Promise<Record<string, unknown>[]>'.
      Type 'unknown' is not assignable to type 'Record<string, unknown>[]'.
app/api/agents/route.ts(21,36): error TS2345: Argument of type 'SqlClient' is not assignable to parameter of type 'SqlClient'.
  The types returned by 'query(...)' are incompatible between these types.
    Type 'Promise<unknown>' is not assignable to type 'Promise<Record<string, unknown>[]>'.
      Type 'unknown' is not assignable to type 'Record<string, unknown>[]'.
app/api/analytics/route.ts(20,37): error TS2345: Argument of type 'SqlClient' is not assignable to parameter of type 'SqlClient'.
  The types returned by 'query(...)' are incompatible between these types.
    Type 'Promise<unknown>' is not assignable to type 'Promise<Record<string, unknown>[]>'.
      Type 'unknown' is not assignable to type 'Record<string, unknown>[]'.
app/api/approvals/[actionId]/route.ts(41,42): error TS2345: Argument of type 'SqlClient' is not assignable to parameter of type 'SqlClient'.
  The types returned by 'query(...)' are incompatible between these types.
    Type 'Promise<unknown>' is not assignable to type 'Promise<Row[]>'.
      Type 'unknown' is not assignable to type 'Row[]'.
app/api/approvals/[actionId]/route.ts(58,48): error TS2345: Argument of type 'SqlClient' is not assignable to parameter of type 'SqlClient'.
  The types returned by 'query(...)' are incompatible between these types.
    Type 'Promise<unknown>' is not assignable to type 'Promise<Row[]>'.
      Type 'unknown' is not assignable to type 'Row[]'.
app/api/approvals/[actionId]/route.ts(79,8): error TS2345: Argument of type 'SqlClient' is not assignable to parameter of type 'SqlTag'.
  The types returned by 'query(...)' are incompatible between these types.
    Type 'Promise<unknown>' is not assignable to type 'Promise<Record<string, unknown>[]>'.
      Type 'unknown' is not assignable to type 'Record<string, unknown>[]'.
app/api/approvals/[actionId]/route.ts(88,47): error TS2345: Argument of type 'SqlClient' is not assignable to parameter of type 'SqlClient'.
  The types returned by 'query(...)' are incompatible between these types.
    Type 'Promise<unknown>' is not assignable to type 'Promise<Row[]>'.
      Type 'unknown' is not assignable to type 'Row[]'.
app/api/approvals/[actionId]/route.ts(94,10): error TS2345: Argument of type 'SqlClient' is not assignable to parameter of type 'SqlClient'.
  Type 'unknown' is not assignable to type 'Promise<Record<string, unknown>[]>'.
app/api/artifacts/[artifactId]/route.ts(15,40): error TS2345: Argument of type 'SqlClient' is not assignable to parameter of type 'SqlTag'.
  The types returned by 'query(...)' are incompatible between these types.
    Type 'Promise<unknown>' is not assignable to type 'Promise<Record<string, unknown>[]>'.
      Type 'unknown' is not assignable to type 'Record<string, unknown>[]'.
app/api/artifacts/[artifactId]/route.ts(32,41): error TS2345: Argument of type 'SqlClient' is not assignable to parameter of type 'SqlTag'.
  The types returned by 'query(...)' are incompatible between these types.
    Type 'Promise<unknown>' is not assignable to type 'Promise<Record<string, unknown>[]>'.
      Type 'unknown' is not assignable to type 'Record<string, unknown>[]'.
app/api/artifacts/evidence-bundle/route.ts(19,46): error TS2345: Argument of type 'SqlClient' is not assignable to parameter of type 'SqlTag'.
  The types returned by 'query(...)' are incompatible between these types.
    Type 'Promise<unknown>' is not assignable to type 'Promise<Record<string, unknown>[]>'.
      Type 'unknown' is not assignable to type 'Record<string, unknown>[]'.
app/api/artifacts/evidence-bundle/route.ts(26,28): error TS2345: Argument of type 'SqlClient' is not assignable to parameter of type 'SqlTag'.
  The types returned by 'query(...)' are incompatible between these types.
    Type 'Promise<unknown>' is not assignable to type 'Promise<Record<string, unknown>[]>'.
      Type 'unknown' is not assignable to type 'Record<string, unknown>[]'.
app/api/artifacts/route.ts(24,40): error TS2345: Argument of type 'SqlClient' is not assignable to parameter of type 'SqlTag'.
  The types returned by 'query(...)' are incompatible between these types.
    Type 'Promise<unknown>' is not assignable to type 'Promise<Record<string, unknown>[]>'.
      Type 'unknown' is not assignable to type 'Record<string, unknown>[]'.
app/api/artifacts/route.ts(44,43): error TS2345: Argument of type 'SqlClient' is not assignable to parameter of type 'SqlTag'.
  The types returned by 'query(...)' are incompatible between these types.
    Type 'Promise<unknown>' is not assignable to type 'Promise<Record<string, unknown>[]>'.
      Type 'unknown' is not assignable to type 'Record<string, unknown>[]'.
app/api/assumptions/[assumptionId]/route.ts(17,44): error TS2345: Argument of type 'SqlClient' is not assignable to parameter of type 'SqlTag'.
  The types returned by 'query(...)' are incompatible between these types.
    Type 'Promise<unknown>' is not assignable to type 'Promise<Record<string, unknown>[]>'.
      Type 'unknown' is not assignable to type 'Record<string, unknown>[]'.
app/api/assumptions/[assumptionId]/route.ts(61,42): error TS2345: Argument of type 'SqlClient' is not assignable to parameter of type 'SqlTag'.
  The types returned by 'query(...)' are incompatible between these types.
    Type 'Promise<unknown>' is not assignable to type 'Promise<Record<string, unknown>[]>'.
      Type 'unknown' is not assignable to type 'Record<string, unknown>[]'.
app/api/assumptions/[assumptionId]/route.ts(74,45): error TS2345: Argument of type 'SqlClient' is not assignable to parameter of type 'SqlTag'.
  The types returned by 'query(...)' are incompatible between these types.
    Type 'Promise<unknown>' is not assignable to type 'Promise<Record<string, unknown>[]>'.
      Type 'unknown' is not assignable to type 'Record<string, unknown>[]'.
app/api/assumptions/[assumptionId]/route.ts(85,9): error TS2345: Argument of type 'SqlClient' is not assignable to parameter of type 'SqlTag'.
  The types returned by 'query(...)' are incompatible between these types.
    Type 'Promise<unknown>' is not assignable to type 'Promise<Record<string, unknown>[]>'.
      Type 'unknown' is not assignable to type 'Record<string, unknown>[]'.
app/api/assumptions/route.ts(28,42): error TS2345: Argument of type 'SqlClient' is not assignable to parameter of type 'SqlClient'.
  The types returned by 'query(...)' are incompatible between these types.
    Type 'Promise<unknown>' is not assignable to type 'Promise<Record<string, unknown>[]>'.
      Type 'unknown' is not assignable to type 'Record<string, unknown>[]'.
app/api/assumptions/route.ts(105,42): error TS2345: Argument of type 'SqlClient' is not assignable to parameter of type 'SqlClient'.
  The types returned by 'query(...)' are incompatible between these types.
    Type 'Promise<unknown>' is not assignable to type 'Promise<Row[]>'.
      Type 'unknown' is not assignable to type 'Row[]'.
app/api/assumptions/route.ts(112,50): error TS2345: Argument of type 'SqlClient' is not assignable to parameter of type 'SqlTag'.
  The types returned by 'query(...)' are incompatible between these types.
    Type 'Promise<unknown>' is not assignable to type 'Promise<Record<string, unknown>[]>'.
      Type 'unknown' is not assignable to type 'Record<string, unknown>[]'.
app/api/behavior/recorder/route.ts(36,41): error TS2345: Argument of type 'SqlClient' is not assignable to parameter of type 'SqlTag'.
  The types returned by 'query(...)' are incompatible between these types.
    Type 'Promise<unknown>' is not assignable to type 'Promise<Record<string, unknown>[]>'.
      Type 'unknown' is not assignable to type 'Record<string, unknown>[]'.
app/api/behavior/recorder/route.ts(63,25): error TS2345: Argument of type 'SqlClient' is not assignable to parameter of type 'SqlTag'.
  The types returned by 'query(...)' are incompatible between these types.
    Type 'Promise<unknown>' is not assignable to type 'Promise<Record<string, unknown>[]>'.
      Type 'unknown' is not assignable to type 'Record<string, unknown>[]'.
app/api/behavior/recorder/route.ts(65,27): error TS2345: Argument of type 'SqlClient' is not assignable to parameter of type 'SqlTag'.
  The types returned by 'query(...)' are incompatible between these types.
    Type 'Promise<unknown>' is not assignable to type 'Promise<Record<string, unknown>[]>'.
      Type 'unknown' is not assignable to type 'Record<string, unknown>[]'.
app/api/behavior/recorder/route.ts(67,27): error TS2345: Argument of type 'SqlClient' is not assignable to parameter of type 'SqlTag'.
  The types returned by 'query(...)' are incompatible between these types.
    Type 'Promise<unknown>' is not assignable to type 'Promise<Record<string, unknown>[]>'.
      Type 'unknown' is not assignable to type 'Record<string, unknown>[]'.
app/api/behavior/suggestions/route.ts(144,41): error TS2345: Argument of type 'SqlClient' is not assignable to parameter of type 'SqlTag'.
  The types returned by 'query(...)' are incompatible between these types.
    Type 'Promise<unknown>' is not assignable to type 'Promise<Record<string, unknown>[]>'.
      Type 'unknown' is not assignable to type 'Record<string, unknown>[]'.
app/api/billing/checkout/route.ts(45,22): error TS18046: 'orgs' is of type 'unknown'.
app/api/billing/checkout/route.ts(45,40): error TS18046: 'orgs' is of type 'unknown'.
app/api/billing/portal/route.ts(23,24): error TS18046: 'orgs' is of type 'unknown'.
app/api/billing/portal/route.ts(23,42): error TS18046: 'orgs' is of type 'unknown'.
app/api/capabilities/[capabilityId]/access/[ruleId]/route.ts(15,43): error TS2345: Argument of type 'SqlClient' is not assignable to parameter of type 'SqlTag'.
  The types returned by 'query(...)' are incompatible between these types.
    Type 'Promise<unknown>' is not assignable to type 'Promise<Record<string, unknown>[]>'.
      Type 'unknown' is not assignable to type 'Record<string, unknown>[]'.
app/api/capabilities/[capabilityId]/access/check/route.ts(21,41): error TS2345: Argument of type 'SqlClient' is not assignable to parameter of type 'SqlTag'.
  The types returned by 'query(...)' are incompatible between these types.
    Type 'Promise<unknown>' is not assignable to type 'Promise<Record<string, unknown>[]>'.
      Type 'unknown' is not assignable to type 'Record<string, unknown>[]'.
app/api/capabilities/[capabilityId]/access/route.ts(14,42): error TS2345: Argument of type 'SqlClient' is not assignable to parameter of type 'SqlTag'.
  The types returned by 'query(...)' are incompatible between these types.
    Type 'Promise<unknown>' is not assignable to type 'Promise<Record<string, unknown>[]>'.
      Type 'unknown' is not assignable to type 'Record<string, unknown>[]'.
app/api/capabilities/[capabilityId]/access/route.ts(32,41): error TS2345: Argument of type 'SqlClient' is not assignable to parameter of type 'SqlTag'.
  The types returned by 'query(...)' are incompatible between these types.
    Type 'Promise<unknown>' is not assignable to type 'Promise<Record<string, unknown>[]>'.
      Type 'unknown' is not assignable to type 'Record<string, unknown>[]'.
app/api/capabilities/[capabilityId]/health/route.ts(17,44): error TS2345: Argument of type 'SqlClient' is not assignable to parameter of type 'SqlTag'.
  The types returned by 'query(...)' are incompatible between these types.
    Type 'Promise<unknown>' is not assignable to type 'Promise<Record<string, unknown>[]>'.
      Type 'unknown' is not assignable to type 'Record<string, unknown>[]'.
app/api/capabilities/[capabilityId]/health/route.ts(22,50): error TS2345: Argument of type 'SqlClient' is not assignable to parameter of type 'SqlTag'.
  The types returned by 'query(...)' are incompatible between these types.
    Type 'Promise<unknown>' is not assignable to type 'Promise<Record<string, unknown>[]>'.
      Type 'unknown' is not assignable to type 'Record<string, unknown>[]'.
app/api/capabilities/[capabilityId]/history/route.ts(18,44): error TS2345: Argument of type 'SqlClient' is not assignable to parameter of type 'SqlTag'.
  The types returned by 'query(...)' are incompatible between these types.
    Type 'Promise<unknown>' is not assignable to type 'Promise<Record<string, unknown>[]>'.
      Type 'unknown' is not assignable to type 'Record<string, unknown>[]'.
app/api/capabilities/[capabilityId]/history/route.ts(23,60): error TS2345: Argument of type 'Record<string, unknown>' is not assignable to parameter of type 'CapabilityRef'.
  Type 'Record<string, unknown>' is missing the following properties from type 'CapabilityRef': capability_id, name, slug
app/api/capabilities/[capabilityId]/invoke/route.ts(101,7): error TS2345: Argument of type 'SqlClient' is not assignable to parameter of type 'GuardSql'.
  The types returned by 'query(...)' are incompatible between these types.
    Type 'Promise<unknown>' is not assignable to type 'Promise<Record<string, unknown>[]>'.
      Type 'unknown' is not assignable to type 'Record<string, unknown>[]'.
app/api/capabilities/[capabilityId]/invoke/route.ts(124,39): error TS2345: Argument of type 'SqlClient' is not assignable to parameter of type 'SqlClient'.
  The types returned by 'query(...)' are incompatible between these types.
    Type 'Promise<unknown>' is not assignable to type 'Promise<Row[]>'.
      Type 'unknown' is not assignable to type 'Row[]'.
app/api/capabilities/[capabilityId]/invoke/route.ts(150,54): error TS2345: Argument of type 'SqlClient' is not assignable to parameter of type 'SqlClient'.
  The types returned by 'query(...)' are incompatible between these types.
    Type 'Promise<unknown>' is not assignable to type 'Promise<Row[]>'.
      Type 'unknown' is not assignable to type 'Row[]'.
app/api/capabilities/[capabilityId]/invoke/route.ts(162,28): error TS2345: Argument of type 'object' is not assignable to parameter of type 'CreatedAction'.
  Index signature for type 'string' is missing in type '{}'.
app/api/capabilities/[capabilityId]/invoke/route.ts(176,42): error TS2345: Argument of type 'SqlClient' is not assignable to parameter of type 'SqlTag'.
  Type 'unknown' is not assignable to type 'Promise<Record<string, unknown>[]>'.
app/api/capabilities/[capabilityId]/invoke/route.ts(177,82): error TS2345: Argument of type 'SqlClient' is not assignable to parameter of type 'SqlTag'.
  Type 'unknown' is not assignable to type 'Promise<Record<string, unknown>[]>'.
app/api/capabilities/[capabilityId]/invoke/route.ts(195,53): error TS2345: Argument of type 'SqlClient' is not assignable to parameter of type 'SqlTag'.
  The types returned by 'query(...)' are incompatible between these types.
    Type 'Promise<unknown>' is not assignable to type 'Promise<Record<string, unknown>[]>'.
      Type 'unknown' is not assignable to type 'Record<string, unknown>[]'.
app/api/capabilities/[capabilityId]/invoke/route.ts(210,47): error TS2345: Argument of type 'SqlClient' is not assignable to parameter of type 'SqlTag'.
  The types returned by 'query(...)' are incompatible between these types.
    Type 'Promise<unknown>' is not assignable to type 'Promise<Record<string, unknown>[]>'.
      Type 'unknown' is not assignable to type 'Record<string, unknown>[]'.
app/api/capabilities/[capabilityId]/invoke/route.ts(222,54): error TS2345: Argument of type 'SqlClient' is not assignable to parameter of type 'SqlClient'.
  The types returned by 'query(...)' are incompatible between these types.
    Type 'Promise<unknown>' is not assignable to type 'Promise<Row[]>'.
      Type 'unknown' is not assignable to type 'Row[]'.
app/api/capabilities/[capabilityId]/invoke/route.ts(234,28): error TS2345: Argument of type 'object' is not assignable to parameter of type 'CreatedAction'.
  Index signature for type 'string' is missing in type '{}'.
app/api/capabilities/[capabilityId]/invoke/route.ts(249,30): error TS2345: Argument of type 'SqlClient' is not assignable to parameter of type 'SqlClient'.
  The types returned by 'query(...)' are incompatible between these types.
    Type 'Promise<unknown>' is not assignable to type 'Promise<Row[]>'.
      Type 'unknown' is not assignable to type 'Row[]'.
app/api/capabilities/[capabilityId]/invoke/route.ts(292,29): error TS2345: Argument of type 'SqlClient' is not assignable to parameter of type 'SqlTag'.
  The types returned by 'query(...)' are incompatible between these types.
    Type 'Promise<unknown>' is not assignable to type 'Promise<Record<string, unknown>[]>'.
      Type 'unknown' is not assignable to type 'Record<string, unknown>[]'.
app/api/capabilities/[capabilityId]/invoke/route.ts(319,55): error TS2345: Argument of type 'SqlClient' is not assignable to parameter of type 'SqlTag'.
  Type 'unknown' is not assignable to type 'Promise<Record<string, unknown>[]>'.
app/api/capabilities/[capabilityId]/invoke/route.ts(320,49): error TS2345: Argument of type 'SqlClient' is not assignable to parameter of type 'SqlTag'.
  Type 'unknown' is not assignable to type 'Promise<Record<string, unknown>[]>'.
app/api/capabilities/[capabilityId]/route.ts(20,44): error TS2345: Argument of type 'SqlClient' is not assignable to parameter of type 'SqlTag'.
  The types returned by 'query(...)' are incompatible between these types.
    Type 'Promise<unknown>' is not assignable to type 'Promise<Record<string, unknown>[]>'.
      Type 'unknown' is not assignable to type 'Record<string, unknown>[]'.
app/api/capabilities/[capabilityId]/route.ts(38,46): error TS2345: Argument of type 'SqlClient' is not assignable to parameter of type 'SqlTag'.
  The types returned by 'query(...)' are incompatible between these types.
    Type 'Promise<unknown>' is not assignable to type 'Promise<Record<string, unknown>[]>'.
      Type 'unknown' is not assignable to type 'Record<string, unknown>[]'.
app/api/capabilities/[capabilityId]/route.ts(64,44): error TS2345: Argument of type 'SqlClient' is not assignable to parameter of type 'SqlTag'.
  The types returned by 'query(...)' are incompatible between these types.
    Type 'Promise<unknown>' is not assignable to type 'Promise<Record<string, unknown>[]>'.
      Type 'unknown' is not assignable to type 'Record<string, unknown>[]'.
app/api/capabilities/[capabilityId]/test/route.ts(70,30): error TS2345: Argument of type 'SqlClient' is not assignable to parameter of type 'SqlClient'.
  The types returned by 'query(...)' are incompatible between these types.
    Type 'Promise<unknown>' is not assignable to type 'Promise<Row[]>'.
      Type 'unknown' is not assignable to type 'Row[]'.
app/api/capabilities/[capabilityId]/test/route.ts(108,31): error TS2345: Argument of type 'SqlClient' is not assignable to parameter of type 'SqlClient'.
  The types returned by 'query(...)' are incompatible between these types.
    Type 'Promise<unknown>' is not assignable to type 'Promise<Row[]>'.
      Type 'unknown' is not assignable to type 'Row[]'.
app/api/capabilities/[capabilityId]/test/route.ts(116,28): error TS2345: Argument of type 'SqlClient' is not assignable to parameter of type 'SqlTag'.
  The types returned by 'query(...)' are incompatible between these types.
    Type 'Promise<unknown>' is not assignable to type 'Promise<Record<string, unknown>[]>'.
      Type 'unknown' is not assignable to type 'Record<string, unknown>[]'.
app/api/capabilities/health/route.ts(25,62): error TS2345: Argument of type 'SqlClient' is not assignable to parameter of type 'SqlTag'.
  The types returned by 'query(...)' are incompatible between these types.
    Type 'Promise<unknown>' is not assignable to type 'Promise<Record<string, unknown>[]>'.
      Type 'unknown' is not assignable to type 'Record<string, unknown>[]'.
app/api/capabilities/route.ts(25,49): error TS2345: Argument of type 'SqlClient' is not assignable to parameter of type 'SqlTag'.
  The types returned by 'query(...)' are incompatible between these types.
    Type 'Promise<unknown>' is not assignable to type 'Promise<Record<string, unknown>[]>'.
      Type 'unknown' is not assignable to type 'Record<string, unknown>[]'.
app/api/capabilities/route.ts(49,49): error TS2345: Argument of type 'SqlClient' is not assignable to parameter of type 'SqlTag'.
  The types returned by 'query(...)' are incompatible between these types.
    Type 'Promise<unknown>' is not assignable to type 'Promise<Record<string, unknown>[]>'.
      Type 'unknown' is not assignable to type 'Record<string, unknown>[]'.
app/api/code-sessions/alerts/read-all/route.ts(15,40): error TS2345: Argument of type 'SqlClient' is not assignable to parameter of type 'SqlTag'.
  The types returned by 'query(...)' are incompatible between these types.
    Type 'Promise<unknown>' is not assignable to type 'Promise<Record<string, unknown>[]>'.
      Type 'unknown' is not assignable to type 'Record<string, unknown>[]'.
app/api/code-sessions/alerts/route.ts(18,35): error TS2345: Argument of type 'SqlClient' is not assignable to parameter of type 'SqlTag'.
  The types returned by 'query(...)' are incompatible between these types.
    Type 'Promise<unknown>' is not assignable to type 'Promise<Record<string, unknown>[]>'.
      Type 'unknown' is not assignable to type 'Record<string, unknown>[]'.
app/api/code-sessions/alerts/route.ts(19,42): error TS2345: Argument of type 'SqlClient' is not assignable to parameter of type 'SqlTag'.
  The types returned by 'query(...)' are incompatible between these types.
    Type 'Promise<unknown>' is not assignable to type 'Promise<Record<string, unknown>[]>'.
      Type 'unknown' is not assignable to type 'Record<string, unknown>[]'.
app/api/code-sessions/ingest-jsonl/route.ts(164,43): error TS2345: Argument of type 'SqlClient' is not assignable to parameter of type 'SqlTag'.
  The types returned by 'query(...)' are incompatible between these types.
    Type 'Promise<unknown>' is not assignable to type 'Promise<Record<string, unknown>[]>'.
      Type 'unknown' is not assignable to type 'Record<string, unknown>[]'.
app/api/code-sessions/ingest-jsonl/route.ts(170,50): error TS2345: Argument of type 'SqlClient' is not assignable to parameter of type 'SqlTag'.
  The types returned by 'query(...)' are incompatible between these types.
    Type 'Promise<unknown>' is not assignable to type 'Promise<Record<string, unknown>[]>'.
      Type 'unknown' is not assignable to type 'Record<string, unknown>[]'.
app/api/code-sessions/ingest-jsonl/route.ts(184,69): error TS2345: Argument of type 'SqlClient' is not assignable to parameter of type 'SqlTag'.
  The types returned by 'query(...)' are incompatible between these types.
    Type 'Promise<unknown>' is not assignable to type 'Promise<Record<string, unknown>[]>'.
      Type 'unknown' is not assignable to type 'Record<string, unknown>[]'.
app/api/code-sessions/ingest-jsonl/route.ts(217,38): error TS2345: Argument of type 'SqlClient' is not assignable to parameter of type 'SqlTag'.
  The types returned by 'query(...)' are incompatible between these types.
    Type 'Promise<unknown>' is not assignable to type 'Promise<Record<string, unknown>[]>'.
      Type 'unknown' is not assignable to type 'Record<string, unknown>[]'.
app/api/code-sessions/ingest-jsonl/route.ts(220,46): error TS2345: Argument of type 'SqlClient' is not assignable to parameter of type 'SqlTag'.
  The types returned by 'query(...)' are incompatible between these types.
    Type 'Promise<unknown>' is not assignable to type 'Promise<Record<string, unknown>[]>'.
      Type 'unknown' is not assignable to type 'Record<string, unknown>[]'.
app/api/code-sessions/ingest-jsonl/route.ts(228,43): error TS2345: Argument of type 'SqlClient' is not assignable to parameter of type 'SqlTag'.
  The types returned by 'query(...)' are incompatible between these types.
    Type 'Promise<unknown>' is not assignable to type 'Promise<Record<string, unknown>[]>'.
      Type 'unknown' is not assignable to type 'Record<string, unknown>[]'.
app/api/code-sessions/ingest-live/route.ts(85,49): error TS2345: Argument of type '(OptimizerFinding | { kind: string; confidence: any; savingsUsd: null; payload: { name: any; count: any; evidence: any; targets: any; }; })[]' is not assignable to parameter of type 'Record<string, unknown>[]'.
  Type 'OptimizerFinding | { kind: string; confidence: any; savingsUsd: null; payload: { name: any; count: any; evidence: any; targets: any; }; }' is not assignable to type 'Record<string, unknown>'.
    Type 'OptimizerFinding' is not assignable to type 'Record<string, unknown>'.
      Index signature for type 'string' is missing in type 'OptimizerFinding'.
app/api/code-sessions/ingest-live/route.ts(90,16): error TS2322: Type 'unknown' is not assignable to type 'string | undefined'.
app/api/code-sessions/ingest-live/route.ts(95,57): error TS2345: Argument of type 'Alert[]' is not assignable to parameter of type 'Record<string, unknown>[]'.
  Type 'Alert' is not assignable to type 'Record<string, unknown>'.
    Index signature for type 'string' is missing in type 'Alert'.
app/api/code-sessions/ingest-live/route.ts(185,43): error TS2345: Argument of type 'SqlClient' is not assignable to parameter of type 'SqlTag'.
  The types returned by 'query(...)' are incompatible between these types.
    Type 'Promise<unknown>' is not assignable to type 'Promise<Record<string, unknown>[]>'.
      Type 'unknown' is not assignable to type 'Record<string, unknown>[]'.
app/api/code-sessions/ingest-live/route.ts(217,39): error TS2345: Argument of type 'SqlClient' is not assignable to parameter of type 'SqlTag'.
  The types returned by 'query(...)' are incompatible between these types.
    Type 'Promise<unknown>' is not assignable to type 'Promise<Record<string, unknown>[]>'.
      Type 'unknown' is not assignable to type 'Record<string, unknown>[]'.
app/api/code-sessions/manifests/[manifestId]/route.ts(13,38): error TS2345: Argument of type 'SqlClient' is not assignable to parameter of type 'SqlTag'.
  The types returned by 'query(...)' are incompatible between these types.
    Type 'Promise<unknown>' is not assignable to type 'Promise<Record<string, unknown>[]>'.
      Type 'unknown' is not assignable to type 'Record<string, unknown>[]'.
app/api/code-sessions/memos/regenerate/route.ts(20,39): error TS2345: Argument of type 'SqlClient' is not assignable to parameter of type 'SqlTag'.
  The types returned by 'query(...)' are incompatible between these types.
    Type 'Promise<unknown>' is not assignable to type 'Promise<Record<string, unknown>[]>'.
      Type 'unknown' is not assignable to type 'Record<string, unknown>[]'.
app/api/code-sessions/memos/regenerate/route.ts(23,53): error TS2345: Argument of type 'SqlClient' is not assignable to parameter of type 'SqlTag'.
  The types returned by 'query(...)' are incompatible between these types.
    Type 'Promise<unknown>' is not assignable to type 'Promise<Record<string, unknown>[]>'.
      Type 'unknown' is not assignable to type 'Record<string, unknown>[]'.
app/api/code-sessions/memos/regenerate/route.ts(30,32): error TS2322: Type 'unknown' is not assignable to type 'string | null | undefined'.
app/api/code-sessions/memos/regenerate/route.ts(37,32): error TS2345: Argument of type 'SqlClient' is not assignable to parameter of type 'SqlTag'.
  The types returned by 'query(...)' are incompatible between these types.
    Type 'Promise<unknown>' is not assignable to type 'Promise<Record<string, unknown>[]>'.
      Type 'unknown' is not assignable to type 'Record<string, unknown>[]'.
app/api/code-sessions/memos/route.ts(18,41): error TS2345: Argument of type 'SqlClient' is not assignable to parameter of type 'SqlTag'.
  The types returned by 'query(...)' are incompatible between these types.
    Type 'Promise<unknown>' is not assignable to type 'Promise<Record<string, unknown>[]>'.
      Type 'unknown' is not assignable to type 'Record<string, unknown>[]'.
app/api/code-sessions/memos/route.ts(23,33): error TS2345: Argument of type 'SqlClient' is not assignable to parameter of type 'SqlTag'.
  The types returned by 'query(...)' are incompatible between these types.
    Type 'Promise<unknown>' is not assignable to type 'Promise<Record<string, unknown>[]>'.
      Type 'unknown' is not assignable to type 'Record<string, unknown>[]'.
app/api/code-sessions/projects/[projectId]/sessions/route.ts(16,39): error TS2345: Argument of type 'SqlClient' is not assignable to parameter of type 'SqlTag'.
  The types returned by 'query(...)' are incompatible between these types.
    Type 'Promise<unknown>' is not assignable to type 'Promise<Record<string, unknown>[]>'.
      Type 'unknown' is not assignable to type 'Record<string, unknown>[]'.
app/api/code-sessions/projects/route.ts(12,39): error TS2345: Argument of type 'SqlClient' is not assignable to parameter of type 'SqlTag'.
  The types returned by 'query(...)' are incompatible between these types.
    Type 'Promise<unknown>' is not assignable to type 'Promise<Record<string, unknown>[]>'.
      Type 'unknown' is not assignable to type 'Record<string, unknown>[]'.
app/api/code-sessions/sessions/[sessionId]/autopsy/route.ts(14,41): error TS2345: Argument of type 'SqlClient' is not assignable to parameter of type 'SqlTag'.
  The types returned by 'query(...)' are incompatible between these types.
    Type 'Promise<unknown>' is not assignable to type 'Promise<Record<string, unknown>[]>'.
      Type 'unknown' is not assignable to type 'Record<string, unknown>[]'.
app/api/code-sessions/sessions/[sessionId]/insights/route.ts(17,45): error TS2345: Argument of type 'SqlClient' is not assignable to parameter of type 'SqlTag'.
  The types returned by 'query(...)' are incompatible between these types.
    Type 'Promise<unknown>' is not assignable to type 'Promise<Record<string, unknown>[]>'.
      Type 'unknown' is not assignable to type 'Record<string, unknown>[]'.
app/api/code-sessions/sessions/[sessionId]/insights/route.ts(21,43): error TS2345: Argument of type '{ name: unknown; requestId: unknown; target: unknown; }[]' is not assignable to parameter of type 'ToolEvent[]'.
  Type '{ name: unknown; requestId: unknown; target: unknown; }' is not assignable to type 'ToolEvent'.
    Types of property 'name' are incompatible.
      Type 'unknown' is not assignable to type 'string'.
app/api/code-sessions/sessions/[sessionId]/insights/route.ts(22,47): error TS2345: Argument of type 'SqlClient' is not assignable to parameter of type 'SqlTag'.
  The types returned by 'query(...)' are incompatible between these types.
    Type 'Promise<unknown>' is not assignable to type 'Promise<Record<string, unknown>[]>'.
      Type 'unknown' is not assignable to type 'Record<string, unknown>[]'.
app/api/code-sessions/sessions/[sessionId]/optimal-files/manifest/route.ts(38,41): error TS2345: Argument of type 'SqlClient' is not assignable to parameter of type 'SqlTag'.
  The types returned by 'query(...)' are incompatible between these types.
    Type 'Promise<unknown>' is not assignable to type 'Promise<Record<string, unknown>[]>'.
      Type 'unknown' is not assignable to type 'Record<string, unknown>[]'.
app/api/code-sessions/sessions/[sessionId]/optimal-files/manifest/route.ts(44,26): error TS2345: Argument of type 'SqlClient' is not assignable to parameter of type 'SqlTag'.
  The types returned by 'query(...)' are incompatible between these types.
    Type 'Promise<unknown>' is not assignable to type 'Promise<Record<string, unknown>[]>'.
      Type 'unknown' is not assignable to type 'Record<string, unknown>[]'.
app/api/code-sessions/sessions/[sessionId]/optimal-files/manifest/route.ts(45,28): error TS2345: Argument of type 'SqlClient' is not assignable to parameter of type 'SqlTag'.
  The types returned by 'query(...)' are incompatible between these types.
    Type 'Promise<unknown>' is not assignable to type 'Promise<Record<string, unknown>[]>'.
      Type 'unknown' is not assignable to type 'Record<string, unknown>[]'.
app/api/code-sessions/sessions/[sessionId]/optimal-files/manifest/route.ts(93,37): error TS2345: Argument of type 'SqlClient' is not assignable to parameter of type 'SqlTag'.
  The types returned by 'query(...)' are incompatible between these types.
    Type 'Promise<unknown>' is not assignable to type 'Promise<Record<string, unknown>[]>'.
      Type 'unknown' is not assignable to type 'Record<string, unknown>[]'.
app/api/code-sessions/sessions/[sessionId]/optimal-files/merge-preview/route.ts(26,41): error TS2345: Argument of type 'SqlClient' is not assignable to parameter of type 'SqlTag'.
  The types returned by 'query(...)' are incompatible between these types.
    Type 'Promise<unknown>' is not assignable to type 'Promise<Record<string, unknown>[]>'.
      Type 'unknown' is not assignable to type 'Record<string, unknown>[]'.
app/api/code-sessions/sessions/[sessionId]/optimal-files/merge-preview/route.ts(32,26): error TS2345: Argument of type 'SqlClient' is not assignable to parameter of type 'SqlTag'.
  The types returned by 'query(...)' are incompatible between these types.
    Type 'Promise<unknown>' is not assignable to type 'Promise<Record<string, unknown>[]>'.
      Type 'unknown' is not assignable to type 'Record<string, unknown>[]'.
app/api/code-sessions/sessions/[sessionId]/optimal-files/merge-preview/route.ts(33,28): error TS2345: Argument of type 'SqlClient' is not assignable to parameter of type 'SqlTag'.
  The types returned by 'query(...)' are incompatible between these types.
    Type 'Promise<unknown>' is not assignable to type 'Promise<Record<string, unknown>[]>'.
      Type 'unknown' is not assignable to type 'Record<string, unknown>[]'.
app/api/code-sessions/sessions/[sessionId]/optimal-files/preview/route.ts(18,41): error TS2345: Argument of type 'SqlClient' is not assignable to parameter of type 'SqlTag'.
  The types returned by 'query(...)' are incompatible between these types.
    Type 'Promise<unknown>' is not assignable to type 'Promise<Record<string, unknown>[]>'.
      Type 'unknown' is not assignable to type 'Record<string, unknown>[]'.
app/api/code-sessions/sessions/[sessionId]/optimal-files/preview/route.ts(24,26): error TS2345: Argument of type 'SqlClient' is not assignable to parameter of type 'SqlTag'.
  The types returned by 'query(...)' are incompatible between these types.
    Type 'Promise<unknown>' is not assignable to type 'Promise<Record<string, unknown>[]>'.
      Type 'unknown' is not assignable to type 'Record<string, unknown>[]'.
app/api/code-sessions/sessions/[sessionId]/optimal-files/preview/route.ts(25,28): error TS2345: Argument of type 'SqlClient' is not assignable to parameter of type 'SqlTag'.
  The types returned by 'query(...)' are incompatible between these types.
    Type 'Promise<unknown>' is not assignable to type 'Promise<Record<string, unknown>[]>'.
      Type 'unknown' is not assignable to type 'Record<string, unknown>[]'.
app/api/code-sessions/sessions/[sessionId]/route.ts(13,41): error TS2345: Argument of type 'SqlClient' is not assignable to parameter of type 'SqlTag'.
  The types returned by 'query(...)' are incompatible between these types.
    Type 'Promise<unknown>' is not assignable to type 'Promise<Record<string, unknown>[]>'.
      Type 'unknown' is not assignable to type 'Record<string, unknown>[]'.
app/api/code-sessions/subagent-roi/route.ts(18,53): error TS2345: Argument of type 'SqlClient' is not assignable to parameter of type 'SqlTag'.
  The types returned by 'query(...)' are incompatible between these types.
    Type 'Promise<unknown>' is not assignable to type 'Promise<Record<string, unknown>[]>'.
      Type 'unknown' is not assignable to type 'Record<string, unknown>[]'.
app/api/code-sessions/subagent-roi/route.ts(19,77): error TS2345: Argument of type 'Row[]' is not assignable to parameter of type 'AttributionRow[]'.
  Property 'name' is missing in type 'Row' but required in type 'AttributionRow'.
app/api/compliance/evidence/route.ts(22,58): error TS2345: Argument of type 'SqlClient' is not assignable to parameter of type 'SqlTag'.
  The types returned by 'query(...)' are incompatible between these types.
    Type 'Promise<unknown>' is not assignable to type 'Promise<Record<string, unknown>[]>'.
      Type 'unknown' is not assignable to type 'Record<string, unknown>[]'.
app/api/compliance/evidence/route.ts(23,58): error TS2345: Argument of type 'SqlClient' is not assignable to parameter of type 'SqlTag'.
  The types returned by 'query(...)' are incompatible between these types.
    Type 'Promise<unknown>' is not assignable to type 'Promise<Record<string, unknown>[]>'.
      Type 'unknown' is not assignable to type 'Record<string, unknown>[]'.
app/api/compliance/exports/route.ts(7,50): error TS2322: Type 'string | null' is not assignable to type 'string | number | undefined'.
  Type 'null' is not assignable to type 'string | number | undefined'.
app/api/compliance/gaps/route.ts(36,46): error TS2345: Argument of type 'SqlClient' is not assignable to parameter of type 'SqlTag'.
  The types returned by 'query(...)' are incompatible between these types.
    Type 'Promise<unknown>' is not assignable to type 'Promise<Record<string, unknown>[]>'.
      Type 'unknown' is not assignable to type 'Record<string, unknown>[]'.
app/api/compliance/gaps/route.ts(37,39): error TS2345: Argument of type 'Record<string, unknown>[]' is not assignable to parameter of type 'DashClawPolicy[]'.
  Type 'Record<string, unknown>' is missing the following properties from type 'DashClawPolicy': name, policy_type, rules
app/api/compliance/gaps/route.ts(38,39): error TS2345: Argument of type 'GuardrailDocument' is not assignable to parameter of type 'PolicyDoc'.
  Types of property 'version' are incompatible.
    Type 'number' is not assignable to type 'string'.
app/api/compliance/map/route.ts(35,46): error TS2345: Argument of type 'SqlClient' is not assignable to parameter of type 'SqlTag'.
  The types returned by 'query(...)' are incompatible between these types.
    Type 'Promise<unknown>' is not assignable to type 'Promise<Record<string, unknown>[]>'.
      Type 'unknown' is not assignable to type 'Record<string, unknown>[]'.
app/api/compliance/map/route.ts(36,39): error TS2345: Argument of type 'Record<string, unknown>[]' is not assignable to parameter of type 'DashClawPolicy[]'.
  Type 'Record<string, unknown>' is missing the following properties from type 'DashClawPolicy': name, policy_type, rules
app/api/compliance/map/route.ts(37,39): error TS2345: Argument of type 'GuardrailDocument' is not assignable to parameter of type 'PolicyDoc'.
  Types of property 'version' are incompatible.
    Type 'number' is not assignable to type 'string'.
app/api/compliance/report/route.ts(40,46): error TS2345: Argument of type 'SqlClient' is not assignable to parameter of type 'SqlTag'.
  The types returned by 'query(...)' are incompatible between these types.
    Type 'Promise<unknown>' is not assignable to type 'Promise<Record<string, unknown>[]>'.
      Type 'unknown' is not assignable to type 'Record<string, unknown>[]'.
app/api/compliance/report/route.ts(41,39): error TS2345: Argument of type 'Record<string, unknown>[]' is not assignable to parameter of type 'DashClawPolicy[]'.
  Type 'Record<string, unknown>' is missing the following properties from type 'DashClawPolicy': name, policy_type, rules
app/api/compliance/report/route.ts(42,39): error TS2345: Argument of type 'GuardrailDocument' is not assignable to parameter of type 'PolicyDoc'.
  Types of property 'version' are incompatible.
    Type 'number' is not assignable to type 'string'.
app/api/compliance/report/route.ts(46,35): error TS2345: Argument of type 'Record<string, any>' is not assignable to parameter of type 'ComplianceMap'.
  Type 'Record<string, any>' is missing the following properties from type 'ComplianceMap': framework, framework_version, project, generated_at, and 2 more.
app/api/compliance/report/route.ts(48,39): error TS2345: Argument of type 'Record<string, any>' is not assignable to parameter of type 'ComplianceMap'.
  Type 'Record<string, any>' is missing the following properties from type 'ComplianceMap': framework, framework_version, project, generated_at, and 2 more.
app/api/compliance/report/route.ts(52,37): error TS2345: Argument of type 'Record<string, any>' is not assignable to parameter of type 'ComplianceMap'.
  Type 'Record<string, any>' is missing the following properties from type 'ComplianceMap': framework, controls, summary
app/api/compliance/report/route.ts(54,26): error TS2345: Argument of type 'SqlClient' is not assignable to parameter of type 'SqlTag'.
  The types returned by 'query(...)' are incompatible between these types.
    Type 'Promise<unknown>' is not assignable to type 'Promise<Record<string, unknown>[]>'.
      Type 'unknown' is not assignable to type 'Record<string, unknown>[]'.
app/api/cron/code-session-cache-crater/route.ts(42,53): error TS2345: Argument of type 'SqlClient' is not assignable to parameter of type 'SqlTag'.
  The types returned by 'query(...)' are incompatible between these types.
    Type 'Promise<unknown>' is not assignable to type 'Promise<Record<string, unknown>[]>'.
      Type 'unknown' is not assignable to type 'Record<string, unknown>[]'.
app/api/cron/code-session-cache-crater/route.ts(47,60): error TS2345: Argument of type 'SqlClient' is not assignable to parameter of type 'SqlTag'.
  The types returned by 'query(...)' are incompatible between these types.
    Type 'Promise<unknown>' is not assignable to type 'Promise<Record<string, unknown>[]>'.
      Type 'unknown' is not assignable to type 'Record<string, unknown>[]'.
app/api/cron/code-session-cache-crater/route.ts(48,61): error TS2345: Argument of type 'SqlClient' is not assignable to parameter of type 'SqlTag'.
  The types returned by 'query(...)' are incompatible between these types.
    Type 'Promise<unknown>' is not assignable to type 'Promise<Record<string, unknown>[]>'.
      Type 'unknown' is not assignable to type 'Record<string, unknown>[]'.
app/api/cron/code-session-cache-crater/route.ts(51,43): error TS2345: Argument of type 'SqlClient' is not assignable to parameter of type 'SqlTag'.
  The types returned by 'query(...)' are incompatible between these types.
    Type 'Promise<unknown>' is not assignable to type 'Promise<Record<string, unknown>[]>'.
      Type 'unknown' is not assignable to type 'Record<string, unknown>[]'.
app/api/cron/code-session-weekly-memo/route.ts(26,53): error TS2345: Argument of type 'SqlClient' is not assignable to parameter of type 'SqlTag'.
  The types returned by 'query(...)' are incompatible between these types.
    Type 'Promise<unknown>' is not assignable to type 'Promise<Record<string, unknown>[]>'.
      Type 'unknown' is not assignable to type 'Record<string, unknown>[]'.
app/api/cron/code-session-weekly-memo/route.ts(33,57): error TS2345: Argument of type 'SqlClient' is not assignable to parameter of type 'SqlTag'.
  The types returned by 'query(...)' are incompatible between these types.
    Type 'Promise<unknown>' is not assignable to type 'Promise<Record<string, unknown>[]>'.
      Type 'unknown' is not assignable to type 'Record<string, unknown>[]'.
app/api/cron/code-session-weekly-memo/route.ts(41,22): error TS2345: Argument of type 'SqlClient' is not assignable to parameter of type 'SqlTag'.
  The types returned by 'query(...)' are incompatible between these types.
    Type 'Promise<unknown>' is not assignable to type 'Promise<Record<string, unknown>[]>'.
      Type 'unknown' is not assignable to type 'Record<string, unknown>[]'.
app/api/cron/integration-health/route.ts(29,40): error TS2345: Argument of type 'SqlClient' is not assignable to parameter of type 'SqlTag'.
  The types returned by 'query(...)' are incompatible between these types.
    Type 'Promise<unknown>' is not assignable to type 'Promise<Record<string, unknown>[]>'.
      Type 'unknown' is not assignable to type 'Record<string, unknown>[]'.
app/api/cron/integration-health/route.ts(35,58): error TS2345: Argument of type 'SqlClient' is not assignable to parameter of type 'SqlClient'.
  The types returned by 'query(...)' are incompatible between these types.
    Type 'Promise<unknown>' is not assignable to type 'Promise<Record<string, unknown>[]>'.
      Type 'unknown' is not assignable to type 'Record<string, unknown>[]'.
app/api/cron/integration-health/route.ts(40,11): error TS2345: Argument of type 'SqlClient' is not assignable to parameter of type 'SqlTag'.
  The types returned by 'query(...)' are incompatible between these types.
    Type 'Promise<unknown>' is not assignable to type 'Promise<Record<string, unknown>[]>'.
      Type 'unknown' is not assignable to type 'Record<string, unknown>[]'.
app/api/cron/integration-health/route.ts(48,56): error TS2345: Argument of type 'SqlClient' is not assignable to parameter of type 'SqlTag'.
  The types returned by 'query(...)' are incompatible between these types.
    Type 'Promise<unknown>' is not assignable to type 'Promise<Record<string, unknown>[]>'.
      Type 'unknown' is not assignable to type 'Record<string, unknown>[]'.
app/api/cron/jti-sweep/route.ts(36,33): error TS2345: Argument of type 'SqlClient' is not assignable to parameter of type 'SqlTag'.
  The types returned by 'query(...)' are incompatible between these types.
    Type 'Promise<unknown>' is not assignable to type 'Promise<Record<string, unknown>[]>'.
      Type 'unknown' is not assignable to type 'Record<string, unknown>[]'.
app/api/cron/jti-sweep/route.ts(40,38): error TS2345: Argument of type 'SqlClient' is not assignable to parameter of type 'SqlTag'.
  The types returned by 'query(...)' are incompatible between these types.
    Type 'Promise<unknown>' is not assignable to type 'Promise<Record<string, unknown>[]>'.
      Type 'unknown' is not assignable to type 'Record<string, unknown>[]'.
app/api/cron/learning-episodes-backfill/route.ts(36,42): error TS2345: Argument of type 'SqlClient' is not assignable to parameter of type 'SqlClient'.
  The types returned by 'query(...)' are incompatible between these types.
    Type 'Promise<unknown>' is not assignable to type 'Promise<Record<string, unknown>[]>'.
      Type 'unknown' is not assignable to type 'Record<string, unknown>[]'.
app/api/cron/learning-episodes-backfill/route.ts(46,56): error TS2345: Argument of type 'SqlClient' is not assignable to parameter of type 'SqlClient'.
  The types returned by 'query(...)' are incompatible between these types.
    Type 'Promise<unknown>' is not assignable to type 'Promise<Record<string, unknown>[]>'.
      Type 'unknown' is not assignable to type 'Record<string, unknown>[]'.
app/api/cron/learning-episodes-backfill/route.ts(53,59): error TS2345: Argument of type 'SqlClient' is not assignable to parameter of type 'SqlTag'.
  The types returned by 'query(...)' are incompatible between these types.
    Type 'Promise<unknown>' is not assignable to type 'Promise<Record<string, unknown>[]>'.
      Type 'unknown' is not assignable to type 'Record<string, unknown>[]'.
app/api/cron/learning-recommendations/route.ts(34,42): error TS2345: Argument of type 'SqlClient' is not assignable to parameter of type 'SqlClient'.
  The types returned by 'query(...)' are incompatible between these types.
    Type 'Promise<unknown>' is not assignable to type 'Promise<Record<string, unknown>[]>'.
      Type 'unknown' is not assignable to type 'Record<string, unknown>[]'.
app/api/cron/learning-recommendations/route.ts(43,62): error TS2345: Argument of type 'SqlClient' is not assignable to parameter of type 'SqlTag'.
  The types returned by 'query(...)' are incompatible between these types.
    Type 'Promise<unknown>' is not assignable to type 'Promise<Record<string, unknown>[]>'.
      Type 'unknown' is not assignable to type 'Record<string, unknown>[]'.
app/api/cron/memory-maintenance/route.ts(31,23): error TS18046: 'orgs' is of type 'unknown'.
app/api/cron/memory-maintenance/route.ts(33,59): error TS2345: Argument of type 'SqlClient' is not assignable to parameter of type 'SqlClient'.
  Type 'unknown' is not assignable to type 'Promise<any[]>'.
app/api/cron/memory-maintenance/route.ts(44,14): error TS2345: Argument of type 'SqlClient' is not assignable to parameter of type 'SqlTag'.
  The types returned by 'query(...)' are incompatible between these types.
    Type 'Promise<unknown>' is not assignable to type 'Promise<Record<string, unknown>[]>'.
      Type 'unknown' is not assignable to type 'Record<string, unknown>[]'.
app/api/cron/outcome-sweep/route.ts(22,36): error TS2345: Argument of type 'SqlClient' is not assignable to parameter of type 'SqlTag'.
  The types returned by 'query(...)' are incompatible between these types.
    Type 'Promise<unknown>' is not assignable to type 'Promise<Record<string, unknown>[]>'.
      Type 'unknown' is not assignable to type 'Record<string, unknown>[]'.
app/api/cron/outcome-sweep/route.ts(68,52): error TS2345: Argument of type 'SqlClient' is not assignable to parameter of type 'SqlClient'.
  The types returned by 'query(...)' are incompatible between these types.
    Type 'Promise<unknown>' is not assignable to type 'Promise<Row[]>'.
      Type 'unknown' is not assignable to type 'Row[]'.
app/api/cron/outcome-sweep/route.ts(73,51): error TS2345: Argument of type 'SqlClient' is not assignable to parameter of type 'SqlClient'.
  The types returned by 'query(...)' are incompatible between these types.
    Type 'Promise<unknown>' is not assignable to type 'Promise<Row[]>'.
      Type 'unknown' is not assignable to type 'Row[]'.
app/api/cron/outcome-sweep/route.ts(85,68): error TS2345: Argument of type 'SqlClient' is not assignable to parameter of type 'SqlClient'.
  Type 'unknown' is not assignable to type 'Promise<Record<string, unknown>[]>'.
app/api/cron/policy-suggestions/route.ts(23,42): error TS2345: Argument of type 'SqlClient' is not assignable to parameter of type 'SqlClient'.
  The types returned by 'query(...)' are incompatible between these types.
    Type 'Promise<unknown>' is not assignable to type 'Promise<Record<string, unknown>[]>'.
      Type 'unknown' is not assignable to type 'Record<string, unknown>[]'.
app/api/cron/policy-suggestions/route.ts(28,61): error TS2345: Argument of type 'SqlClient' is not assignable to parameter of type 'SqlTag'.
  The types returned by 'query(...)' are incompatible between these types.
    Type 'Promise<unknown>' is not assignable to type 'Promise<Record<string, unknown>[]>'.
      Type 'unknown' is not assignable to type 'Record<string, unknown>[]'.
app/api/cron/reset-meters/route.ts(33,47): error TS18046: 'reset' is of type 'unknown'.
app/api/cron/reset-meters/route.ts(38,21): error TS18046: 'reset' is of type 'unknown'.
app/api/cron/routing-maintenance/route.ts(29,46): error TS2345: Argument of type 'SqlClient' is not assignable to parameter of type 'SqlTag'.
  The types returned by 'query(...)' are incompatible between these types.
    Type 'Promise<unknown>' is not assignable to type 'Promise<Record<string, unknown>[]>'.
      Type 'unknown' is not assignable to type 'Record<string, unknown>[]'.
app/api/cron/routing-maintenance/route.ts(30,48): error TS2345: Argument of type 'SqlClient' is not assignable to parameter of type 'SqlTag'.
  The types returned by 'query(...)' are incompatible between these types.
    Type 'Promise<unknown>' is not assignable to type 'Promise<Record<string, unknown>[]>'.
      Type 'unknown' is not assignable to type 'Record<string, unknown>[]'.
app/api/cron/signals/route.ts(70,23): error TS18046: 'orgs' is of type 'unknown'.
app/api/cron/signals/route.ts(72,60): error TS2345: Argument of type 'SqlClient' is not assignable to parameter of type 'SqlClient'.
  The types returned by 'query(...)' are incompatible between these types.
    Type 'Promise<unknown>' is not assignable to type 'Promise<Record<string, unknown>[]>'.
      Type 'unknown' is not assignable to type 'Record<string, unknown>[]'.
app/api/cron/signals/route.ts(79,43): error TS2345: Argument of type '(s: Record<string, unknown>) => Record<string, any>' is not assignable to parameter of type '(value: Signal, index: number, array: Signal[]) => Record<string, any>'.
  Types of parameters 's' and 'value' are incompatible.
    Type 'Signal' is not assignable to type 'Record<string, unknown>'.
      Index signature for type 'string' is missing in type 'Signal'.
app/api/cron/signals/route.ts(85,37): error TS18046: 'existingSnapshots' is of type 'unknown'.
app/api/cron/signals/route.ts(117,12): error TS2345: Argument of type 'SqlClient' is not assignable to parameter of type 'SqlTag'.
  The types returned by 'query(...)' are incompatible between these types.
    Type 'Promise<unknown>' is not assignable to type 'Promise<Record<string, unknown>[]>'.
      Type 'unknown' is not assignable to type 'Record<string, unknown>[]'.
app/api/cron/signals/route.ts(120,74): error TS2345: Argument of type 'SqlClient' is not assignable to parameter of type 'SqlClient'.
  Type 'unknown' is not assignable to type 'Promise<Record<string, unknown>[]>'.
app/api/cron/signals/route.ts(129,14): error TS2345: Argument of type 'SqlClient' is not assignable to parameter of type 'SqlTag'.
  The types returned by 'query(...)' are incompatible between these types.
    Type 'Promise<unknown>' is not assignable to type 'Promise<Record<string, unknown>[]>'.
      Type 'unknown' is not assignable to type 'Record<string, unknown>[]'.
app/api/cron/signals/route.ts(136,46): error TS2345: Argument of type 'SqlClient' is not assignable to parameter of type 'SqlTag'.
  The types returned by 'query(...)' are incompatible between these types.
    Type 'Promise<unknown>' is not assignable to type 'Promise<Record<string, unknown>[]>'.
      Type 'unknown' is not assignable to type 'Record<string, unknown>[]'.
app/api/cron/signals/route.ts(145,18): error TS2345: Argument of type 'SqlClient' is not assignable to parameter of type 'SqlTag'.
  The types returned by 'query(...)' are incompatible between these types.
    Type 'Promise<unknown>' is not assignable to type 'Promise<Record<string, unknown>[]>'.
      Type 'unknown' is not assignable to type 'Record<string, unknown>[]'.
app/api/cron/signals/route.ts(171,28): error TS18046: 'prefs' is of type 'unknown'.
app/api/cron/signals/route.ts(192,16): error TS2345: Argument of type 'SqlClient' is not assignable to parameter of type 'SqlTag'.
  The types returned by 'query(...)' are incompatible between these types.
    Type 'Promise<unknown>' is not assignable to type 'Promise<Record<string, unknown>[]>'.
      Type 'unknown' is not assignable to type 'Record<string, unknown>[]'.
app/api/discord/interactions/route.ts(89,41): error TS2345: Argument of type 'SqlClient' is not assignable to parameter of type 'SqlClient'.
  The types returned by 'query(...)' are incompatible between these types.
    Type 'Promise<unknown>' is not assignable to type 'Promise<Row[]>'.
      Type 'unknown' is not assignable to type 'Row[]'.
app/api/discord/interactions/route.ts(105,36): error TS2345: Argument of type 'SqlClient' is not assignable to parameter of type 'SqlClient'.
  The types returned by 'query(...)' are incompatible between these types.
    Type 'Promise<unknown>' is not assignable to type 'Promise<Row[]>'.
      Type 'unknown' is not assignable to type 'Row[]'.
app/api/drift/alerts/route.ts(13,7): error TS2322: Type 'string | null' is not assignable to type 'string | number | undefined'.
  Type 'null' is not assignable to type 'string | number | undefined'.
app/api/drift/alerts/route.ts(14,7): error TS2322: Type 'string | null' is not assignable to type 'string | number | undefined'.
  Type 'null' is not assignable to type 'string | number | undefined'.
app/api/drift/alerts/route.ts(16,47): error TS18046: 'alerts' is of type 'unknown'.
app/api/drift/snapshots/route.ts(10,7): error TS2322: Type 'string | null' is not assignable to type 'string | number | undefined'.
  Type 'null' is not assignable to type 'string | number | undefined'.
app/api/evaluations/route.ts(35,41): error TS2345: Argument of type 'SqlClient' is not assignable to parameter of type 'SqlTag'.
  The types returned by 'query(...)' are incompatible between these types.
    Type 'Promise<unknown>' is not assignable to type 'Promise<Record<string, unknown>[]>'.
      Type 'unknown' is not assignable to type 'Record<string, unknown>[]'.
app/api/evaluations/route.ts(73,42): error TS2345: Argument of type 'SqlClient' is not assignable to parameter of type 'SqlTag'.
  The types returned by 'query(...)' are incompatible between these types.
    Type 'Promise<unknown>' is not assignable to type 'Promise<Record<string, unknown>[]>'.
      Type 'unknown' is not assignable to type 'Record<string, unknown>[]'.
app/api/evaluations/runs/[runId]/route.ts(18,37): error TS2345: Argument of type 'SqlClient' is not assignable to parameter of type 'SqlTag'.
  The types returned by 'query(...)' are incompatible between these types.
    Type 'Promise<unknown>' is not assignable to type 'Promise<Record<string, unknown>[]>'.
      Type 'unknown' is not assignable to type 'Record<string, unknown>[]'.
app/api/evaluations/runs/[runId]/route.ts(39,33): error TS2345: Argument of type 'SqlClient' is not assignable to parameter of type 'SqlTag'.
  The types returned by 'query(...)' are incompatible between these types.
    Type 'Promise<unknown>' is not assignable to type 'Promise<Record<string, unknown>[]>'.
      Type 'unknown' is not assignable to type 'Record<string, unknown>[]'.
app/api/evaluations/runs/route.ts(30,37): error TS2345: Argument of type 'SqlClient' is not assignable to parameter of type 'SqlTag'.
  The types returned by 'query(...)' are incompatible between these types.
    Type 'Promise<unknown>' is not assignable to type 'Promise<Record<string, unknown>[]>'.
      Type 'unknown' is not assignable to type 'Record<string, unknown>[]'.
app/api/evaluations/runs/route.ts(61,40): error TS2345: Argument of type 'SqlClient' is not assignable to parameter of type 'SqlTag'.
  The types returned by 'query(...)' are incompatible between these types.
    Type 'Promise<unknown>' is not assignable to type 'Promise<Record<string, unknown>[]>'.
      Type 'unknown' is not assignable to type 'Record<string, unknown>[]'.
app/api/evaluations/runs/route.ts(76,25): error TS2345: Argument of type 'SqlClient' is not assignable to parameter of type 'SqlTag'.
  The types returned by 'query(...)' are incompatible between these types.
    Type 'Promise<unknown>' is not assignable to type 'Promise<Record<string, unknown>[]>'.
      Type 'unknown' is not assignable to type 'Record<string, unknown>[]'.
app/api/evaluations/runs/route.ts(87,20): error TS2345: Argument of type 'SqlClient' is not assignable to parameter of type 'SqlClient'.
  The types returned by 'query(...)' are incompatible between these types.
    Type 'Promise<unknown>' is not assignable to type 'Promise<Record<string, unknown>[]>'.
      Type 'unknown' is not assignable to type 'Record<string, unknown>[]'.
app/api/evaluations/scorers/[scorerId]/route.ts(32,28): error TS2345: Argument of type 'SqlClient' is not assignable to parameter of type 'SqlTag'.
  The types returned by 'query(...)' are incompatible between these types.
    Type 'Promise<unknown>' is not assignable to type 'Promise<Record<string, unknown>[]>'.
      Type 'unknown' is not assignable to type 'Record<string, unknown>[]'.
app/api/evaluations/scorers/[scorerId]/route.ts(52,28): error TS2345: Argument of type 'SqlClient' is not assignable to parameter of type 'SqlTag'.
  The types returned by 'query(...)' are incompatible between these types.
    Type 'Promise<unknown>' is not assignable to type 'Promise<Record<string, unknown>[]>'.
      Type 'unknown' is not assignable to type 'Record<string, unknown>[]'.
app/api/evaluations/scorers/route.ts(25,43): error TS2345: Argument of type 'SqlClient' is not assignable to parameter of type 'SqlTag'.
  The types returned by 'query(...)' are incompatible between these types.
    Type 'Promise<unknown>' is not assignable to type 'Promise<Record<string, unknown>[]>'.
      Type 'unknown' is not assignable to type 'Record<string, unknown>[]'.
app/api/evaluations/scorers/route.ts(68,45): error TS2345: Argument of type 'SqlClient' is not assignable to parameter of type 'SqlTag'.
  The types returned by 'query(...)' are incompatible between these types.
    Type 'Promise<unknown>' is not assignable to type 'Promise<Record<string, unknown>[]>'.
      Type 'unknown' is not assignable to type 'Record<string, unknown>[]'.
app/api/evaluations/stats/route.ts(25,38): error TS2345: Argument of type 'SqlClient' is not assignable to parameter of type 'SqlTag'.
  The types returned by 'query(...)' are incompatible between these types.
    Type 'Promise<unknown>' is not assignable to type 'Promise<Record<string, unknown>[]>'.
      Type 'unknown' is not assignable to type 'Record<string, unknown>[]'.
app/api/finops/spend/route.ts(24,34): error TS2345: Argument of type 'SqlClient' is not assignable to parameter of type 'SqlTag'.
  The types returned by 'query(...)' are incompatible between these types.
    Type 'Promise<unknown>' is not assignable to type 'Promise<Record<string, unknown>[]>'.
      Type 'unknown' is not assignable to type 'Record<string, unknown>[]'.
app/api/finops/spend/route.ts(25,29): error TS2345: Argument of type 'SqlClient' is not assignable to parameter of type 'SqlTag'.
  The types returned by 'query(...)' are incompatible between these types.
    Type 'Promise<unknown>' is not assignable to type 'Promise<Record<string, unknown>[]>'.
      Type 'unknown' is not assignable to type 'Record<string, unknown>[]'.
app/api/guard/decisions/route.ts(21,30): error TS2345: Argument of type 'SqlClient' is not assignable to parameter of type 'SqlClient'.
  The types returned by 'query(...)' are incompatible between these types.
    Type 'Promise<unknown>' is not assignable to type 'Promise<Record<string, unknown>[]>'.
      Type 'unknown' is not assignable to type 'Record<string, unknown>[]'.
app/api/guard/decisions/route.ts(22,29): error TS2345: Argument of type 'SqlClient' is not assignable to parameter of type 'SqlClient'.
  The types returned by 'query(...)' are incompatible between these types.
    Type 'Promise<unknown>' is not assignable to type 'Promise<Record<string, unknown>[]>'.
      Type 'unknown' is not assignable to type 'Record<string, unknown>[]'.
app/api/guard/route.ts(147,56): error TS2345: Argument of type 'SqlClient' is not assignable to parameter of type 'SqlTag'.
  The types returned by 'query(...)' are incompatible between these types.
    Type 'Promise<unknown>' is not assignable to type 'Promise<Record<string, unknown>[]>'.
      Type 'unknown' is not assignable to type 'Record<string, unknown>[]'.
app/api/guard/route.ts(186,51): error TS2345: Argument of type 'SqlClient' is not assignable to parameter of type 'SqlTag'.
  The types returned by 'query(...)' are incompatible between these types.
    Type 'Promise<unknown>' is not assignable to type 'Promise<Record<string, unknown>[]>'.
      Type 'unknown' is not assignable to type 'Record<string, unknown>[]'.
app/api/guard/route.ts(210,53): error TS2345: Argument of type 'SqlClient' is not assignable to parameter of type 'GuardSql'.
  The types returned by 'query(...)' are incompatible between these types.
    Type 'Promise<unknown>' is not assignable to type 'Promise<Record<string, unknown>[]>'.
      Type 'unknown' is not assignable to type 'Record<string, unknown>[]'.
app/api/guard/route.ts(241,47): error TS2345: Argument of type 'SqlClient' is not assignable to parameter of type 'SqlQueryClient'.
  The types returned by 'query(...)' are incompatible between these types.
    Type 'Promise<unknown>' is not assignable to type 'Promise<Row[]>'.
      Type 'unknown' is not assignable to type 'Row[]'.
app/api/guard/route.ts(252,45): error TS2345: Argument of type 'SqlClient' is not assignable to parameter of type 'SqlQueryClient'.
  The types returned by 'query(...)' are incompatible between these types.
    Type 'Promise<unknown>' is not assignable to type 'Promise<Row[]>'.
      Type 'unknown' is not assignable to type 'Row[]'.
app/api/handoffs/[id]/consume/route.ts(17,38): error TS2345: Argument of type 'SqlClient' is not assignable to parameter of type 'SqlTag'.
  The types returned by 'query(...)' are incompatible between these types.
    Type 'Promise<unknown>' is not assignable to type 'Promise<Record<string, unknown>[]>'.
      Type 'unknown' is not assignable to type 'Record<string, unknown>[]'.
app/api/handoffs/[id]/route.ts(16,38): error TS2345: Argument of type 'SqlClient' is not assignable to parameter of type 'SqlTag'.
  The types returned by 'query(...)' are incompatible between these types.
    Type 'Promise<unknown>' is not assignable to type 'Promise<Record<string, unknown>[]>'.
      Type 'unknown' is not assignable to type 'Record<string, unknown>[]'.
app/api/handoffs/latest/route.ts(20,40): error TS2345: Argument of type 'SqlClient' is not assignable to parameter of type 'SqlTag'.
  The types returned by 'query(...)' are incompatible between these types.
    Type 'Promise<unknown>' is not assignable to type 'Promise<Record<string, unknown>[]>'.
      Type 'unknown' is not assignable to type 'Record<string, unknown>[]'.
app/api/handoffs/route.ts(25,42): error TS2345: Argument of type 'SqlClient' is not assignable to parameter of type 'SqlTag'.
  The types returned by 'query(...)' are incompatible between these types.
    Type 'Promise<unknown>' is not assignable to type 'Promise<Record<string, unknown>[]>'.
      Type 'unknown' is not assignable to type 'Record<string, unknown>[]'.
app/api/handoffs/route.ts(36,37): error TS2345: Argument of type 'SqlClient' is not assignable to parameter of type 'SqlTag'.
  The types returned by 'query(...)' are incompatible between these types.
    Type 'Promise<unknown>' is not assignable to type 'Promise<Record<string, unknown>[]>'.
      Type 'unknown' is not assignable to type 'Record<string, unknown>[]'.
app/api/handoffs/route.ts(66,40): error TS2345: Argument of type 'SqlClient' is not assignable to parameter of type 'SqlTag'.
  The types returned by 'query(...)' are incompatible between these types.
    Type 'Promise<unknown>' is not assignable to type 'Promise<Record<string, unknown>[]>'.
      Type 'unknown' is not assignable to type 'Record<string, unknown>[]'.
app/api/health/route.ts(50,51): error TS2345: Argument of type 'SqlClient' is not assignable to parameter of type 'SqlTag'.
  Type 'unknown' is not assignable to type 'Promise<Record<string, unknown>[]>'.
app/api/hosted/cleanup/route.ts(42,47): error TS2345: Argument of type 'SqlClient' is not assignable to parameter of type 'SqlTag'.
  The types returned by 'query(...)' are incompatible between these types.
    Type 'Promise<unknown>' is not assignable to type 'Promise<Record<string, unknown>[]>'.
      Type 'unknown' is not assignable to type 'Record<string, unknown>[]'.
app/api/hosted/cleanup/route.ts(47,45): error TS2345: Argument of type 'SqlClient' is not assignable to parameter of type 'SqlTag'.
  The types returned by 'query(...)' are incompatible between these types.
    Type 'Promise<unknown>' is not assignable to type 'Promise<Record<string, unknown>[]>'.
      Type 'unknown' is not assignable to type 'Record<string, unknown>[]'.
app/api/hosted/workspaces/[workspaceId]/route.ts(20,39): error TS2345: Argument of type 'SqlClient' is not assignable to parameter of type 'SqlTag'.
  The types returned by 'query(...)' are incompatible between these types.
    Type 'Promise<unknown>' is not assignable to type 'Promise<Record<string, unknown>[]>'.
      Type 'unknown' is not assignable to type 'Record<string, unknown>[]'.
app/api/hosted/workspaces/[workspaceId]/route.ts(40,48): error TS2345: Argument of type 'SqlClient' is not assignable to parameter of type 'SqlTag'.
  The types returned by 'query(...)' are incompatible between these types.
    Type 'Promise<unknown>' is not assignable to type 'Promise<Record<string, unknown>[]>'.
      Type 'unknown' is not assignable to type 'Record<string, unknown>[]'.
app/api/hosted/workspaces/route.ts(86,51): error TS2345: Argument of type 'SqlClient' is not assignable to parameter of type 'SqlTag'.
  The types returned by 'query(...)' are incompatible between these types.
    Type 'Promise<unknown>' is not assignable to type 'Promise<Record<string, unknown>[]>'.
      Type 'unknown' is not assignable to type 'Record<string, unknown>[]'.
app/api/identities/[agentId]/route.ts(21,42): error TS2345: Argument of type 'SqlClient' is not assignable to parameter of type 'SqlTag'.
  The types returned by 'query(...)' are incompatible between these types.
    Type 'Promise<unknown>' is not assignable to type 'Promise<Record<string, unknown>[]>'.
      Type 'unknown' is not assignable to type 'Record<string, unknown>[]'.
app/api/identities/[agentId]/route.ts(27,32): error TS2345: Argument of type 'SqlClient' is not assignable to parameter of type 'SqlTag'.
  The types returned by 'query(...)' are incompatible between these types.
    Type 'Promise<unknown>' is not assignable to type 'Promise<Record<string, unknown>[]>'.
      Type 'unknown' is not assignable to type 'Record<string, unknown>[]'.
app/api/identities/route.ts(32,41): error TS2345: Argument of type 'SqlClient' is not assignable to parameter of type 'SqlTag'.
  The types returned by 'query(...)' are incompatible between these types.
    Type 'Promise<unknown>' is not assignable to type 'Promise<Record<string, unknown>[]>'.
      Type 'unknown' is not assignable to type 'Record<string, unknown>[]'.
app/api/identities/route.ts(49,45): error TS2345: Argument of type 'SqlClient' is not assignable to parameter of type 'SqlTag'.
  The types returned by 'query(...)' are incompatible between these types.
    Type 'Promise<unknown>' is not assignable to type 'Promise<Record<string, unknown>[]>'.
      Type 'unknown' is not assignable to type 'Record<string, unknown>[]'.
app/api/integrations/health/refresh/route.ts(31,55): error TS2345: Argument of type 'SqlClient' is not assignable to parameter of type 'SqlClient'.
  The types returned by 'query(...)' are incompatible between these types.
    Type 'Promise<unknown>' is not assignable to type 'Promise<Record<string, unknown>[]>'.
      Type 'unknown' is not assignable to type 'Record<string, unknown>[]'.
app/api/integrations/health/refresh/route.ts(37,9): error TS2345: Argument of type 'SqlClient' is not assignable to parameter of type 'SqlTag'.
  The types returned by 'query(...)' are incompatible between these types.
    Type 'Promise<unknown>' is not assignable to type 'Promise<Record<string, unknown>[]>'.
      Type 'unknown' is not assignable to type 'Record<string, unknown>[]'.
app/api/integrations/health/refresh/route.ts(47,48): error TS2345: Argument of type 'SqlClient' is not assignable to parameter of type 'SqlTag'.
  The types returned by 'query(...)' are incompatible between these types.
    Type 'Promise<unknown>' is not assignable to type 'Promise<Record<string, unknown>[]>'.
      Type 'unknown' is not assignable to type 'Record<string, unknown>[]'.
app/api/integrations/health/refresh/route.ts(52,40): error TS2345: Argument of type 'SqlClient' is not assignable to parameter of type 'SqlTag'.
  The types returned by 'query(...)' are incompatible between these types.
    Type 'Promise<unknown>' is not assignable to type 'Promise<Record<string, unknown>[]>'.
      Type 'unknown' is not assignable to type 'Record<string, unknown>[]'.
app/api/integrations/health/route.ts(12,42): error TS2345: Argument of type 'SqlClient' is not assignable to parameter of type 'SqlTag'.
  The types returned by 'query(...)' are incompatible between these types.
    Type 'Promise<unknown>' is not assignable to type 'Promise<Record<string, unknown>[]>'.
      Type 'unknown' is not assignable to type 'Record<string, unknown>[]'.
app/api/integrity/jwks/route.ts(19,44): error TS2345: Argument of type 'SqlClient' is not assignable to parameter of type 'SqlTag'.
  The types returned by 'query(...)' are incompatible between these types.
    Type 'Promise<unknown>' is not assignable to type 'Promise<Record<string, unknown>[]>'.
      Type 'unknown' is not assignable to type 'Record<string, unknown>[]'.
app/api/integrity/verify/route.ts(23,48): error TS2345: Argument of type 'SqlClient' is not assignable to parameter of type 'SqlTag'.
  The types returned by 'query(...)' are incompatible between these types.
    Type 'Promise<unknown>' is not assignable to type 'Promise<Record<string, unknown>[]>'.
      Type 'unknown' is not assignable to type 'Record<string, unknown>[]'.
app/api/invite/[token]/route.ts(20,43): error TS2345: Argument of type 'SqlClient' is not assignable to parameter of type 'SqlTag'.
  The types returned by 'query(...)' are incompatible between these types.
    Type 'Promise<unknown>' is not assignable to type 'Promise<Record<string, unknown>[]>'.
      Type 'unknown' is not assignable to type 'Record<string, unknown>[]'.
app/api/invite/[token]/route.ts(59,39): error TS2345: Argument of type 'SqlClient' is not assignable to parameter of type 'SqlTag'.
  The types returned by 'query(...)' are incompatible between these types.
    Type 'Promise<unknown>' is not assignable to type 'Promise<Record<string, unknown>[]>'.
      Type 'unknown' is not assignable to type 'Record<string, unknown>[]'.
app/api/invite/[token]/route.ts(65,56): error TS2345: Argument of type 'SqlClient' is not assignable to parameter of type 'SqlTag'.
  Type 'unknown' is not assignable to type 'Promise<Record<string, unknown>[]>'.
app/api/invite/[token]/route.ts(73,8): error TS2345: Argument of type 'SqlClient' is not assignable to parameter of type 'SqlTag'.
  The types returned by 'query(...)' are incompatible between these types.
    Type 'Promise<unknown>' is not assignable to type 'Promise<Record<string, unknown>[]>'.
      Type 'unknown' is not assignable to type 'Record<string, unknown>[]'.
app/api/keys/route.ts(78,42): error TS2345: Argument of type 'SqlClient' is not assignable to parameter of type 'SqlTag'.
  Type 'unknown' is not assignable to type 'Promise<Record<string, unknown>[]>'.
app/api/keys/route.ts(79,69): error TS2345: Argument of type 'SqlClient' is not assignable to parameter of type 'SqlTag'.
  Type 'unknown' is not assignable to type 'Promise<Record<string, unknown>[]>'.
app/api/keys/route.ts(98,39): error TS2345: Argument of type 'SqlClient' is not assignable to parameter of type 'SqlTag'.
  Type 'unknown' is not assignable to type 'Promise<Record<string, unknown>[]>'.
app/api/keys/route.ts(106,8): error TS2345: Argument of type 'SqlClient' is not assignable to parameter of type 'SqlTag'.
  The types returned by 'query(...)' are incompatible between these types.
    Type 'Promise<unknown>' is not assignable to type 'Promise<Record<string, unknown>[]>'.
      Type 'unknown' is not assignable to type 'Record<string, unknown>[]'.
app/api/keys/route.ts(144,9): error TS18046: 'existing' is of type 'unknown'.
app/api/keys/route.ts(147,9): error TS18046: 'existing' is of type 'unknown'.
app/api/keys/route.ts(165,39): error TS2345: Argument of type 'SqlClient' is not assignable to parameter of type 'SqlTag'.
  Type 'unknown' is not assignable to type 'Promise<Record<string, unknown>[]>'.
app/api/keys/route.ts(172,8): error TS2345: Argument of type 'SqlClient' is not assignable to parameter of type 'SqlTag'.
  The types returned by 'query(...)' are incompatible between these types.
    Type 'Promise<unknown>' is not assignable to type 'Promise<Record<string, unknown>[]>'.
      Type 'unknown' is not assignable to type 'Record<string, unknown>[]'.
app/api/knowledge/collections/[collectionId]/items/route.ts(23,45): error TS2345: Argument of type 'SqlClient' is not assignable to parameter of type 'SqlTag'.
  The types returned by 'query(...)' are incompatible between these types.
    Type 'Promise<unknown>' is not assignable to type 'Promise<Record<string, unknown>[]>'.
      Type 'unknown' is not assignable to type 'Record<string, unknown>[]'.
app/api/knowledge/collections/[collectionId]/items/route.ts(41,42): error TS2345: Argument of type 'SqlClient' is not assignable to parameter of type 'SqlTag'.
  The types returned by 'query(...)' are incompatible between these types.
    Type 'Promise<unknown>' is not assignable to type 'Promise<Record<string, unknown>[]>'.
      Type 'unknown' is not assignable to type 'Record<string, unknown>[]'.
app/api/knowledge/collections/[collectionId]/route.ts(20,44): error TS2345: Argument of type 'SqlClient' is not assignable to parameter of type 'SqlTag'.
  The types returned by 'query(...)' are incompatible between these types.
    Type 'Promise<unknown>' is not assignable to type 'Promise<Record<string, unknown>[]>'.
      Type 'unknown' is not assignable to type 'Record<string, unknown>[]'.
app/api/knowledge/collections/[collectionId]/route.ts(36,44): error TS2345: Argument of type 'SqlClient' is not assignable to parameter of type 'SqlTag'.
  The types returned by 'query(...)' are incompatible between these types.
    Type 'Promise<unknown>' is not assignable to type 'Promise<Record<string, unknown>[]>'.
      Type 'unknown' is not assignable to type 'Record<string, unknown>[]'.
app/api/knowledge/collections/[collectionId]/route.ts(54,46): error TS2345: Argument of type 'SqlClient' is not assignable to parameter of type 'SqlTag'.
  The types returned by 'query(...)' are incompatible between these types.
    Type 'Promise<unknown>' is not assignable to type 'Promise<Record<string, unknown>[]>'.
      Type 'unknown' is not assignable to type 'Record<string, unknown>[]'.
app/api/knowledge/collections/[collectionId]/search/route.ts(29,44): error TS2345: Argument of type 'SqlClient' is not assignable to parameter of type 'SqlTag'.
  The types returned by 'query(...)' are incompatible between these types.
    Type 'Promise<unknown>' is not assignable to type 'Promise<Record<string, unknown>[]>'.
      Type 'unknown' is not assignable to type 'Record<string, unknown>[]'.
app/api/knowledge/collections/[collectionId]/search/route.ts(40,46): error TS2345: Argument of type 'SqlClient' is not assignable to parameter of type 'SqlTag'.
  The types returned by 'query(...)' are incompatible between these types.
    Type 'Promise<unknown>' is not assignable to type 'Promise<Record<string, unknown>[]>'.
      Type 'unknown' is not assignable to type 'Record<string, unknown>[]'.
app/api/knowledge/collections/[collectionId]/sync/route.ts(27,44): error TS2345: Argument of type 'SqlClient' is not assignable to parameter of type 'SqlTag'.
  The types returned by 'query(...)' are incompatible between these types.
    Type 'Promise<unknown>' is not assignable to type 'Promise<Record<string, unknown>[]>'.
      Type 'unknown' is not assignable to type 'Record<string, unknown>[]'.
app/api/knowledge/collections/[collectionId]/sync/route.ts(33,43): error TS2345: Argument of type 'SqlClient' is not assignable to parameter of type 'SqlTag'.
  The types returned by 'query(...)' are incompatible between these types.
    Type 'Promise<unknown>' is not assignable to type 'Promise<Record<string, unknown>[]>'.
      Type 'unknown' is not assignable to type 'Record<string, unknown>[]'.
app/api/knowledge/collections/route.ts(23,47): error TS2345: Argument of type 'SqlClient' is not assignable to parameter of type 'SqlTag'.
  The types returned by 'query(...)' are incompatible between these types.
    Type 'Promise<unknown>' is not assignable to type 'Promise<Record<string, unknown>[]>'.
      Type 'unknown' is not assignable to type 'Record<string, unknown>[]'.
app/api/knowledge/collections/route.ts(41,49): error TS2345: Argument of type 'SqlClient' is not assignable to parameter of type 'SqlTag'.
  The types returned by 'query(...)' are incompatible between these types.
    Type 'Promise<unknown>' is not assignable to type 'Promise<Record<string, unknown>[]>'.
      Type 'unknown' is not assignable to type 'Record<string, unknown>[]'.
app/api/learning/analytics/curves/route.ts(10,7): error TS2322: Type 'string | null' is not assignable to type 'string | number | undefined'.
  Type 'null' is not assignable to type 'string | number | undefined'.
app/api/learning/analytics/velocity/route.ts(9,7): error TS2322: Type 'string | null' is not assignable to type 'string | number | undefined'.
  Type 'null' is not assignable to type 'string | number | undefined'.
app/api/learning/code-signals/route.ts(26,49): error TS2345: Argument of type 'SqlClient' is not assignable to parameter of type 'SqlTag'.
  The types returned by 'query(...)' are incompatible between these types.
    Type 'Promise<unknown>' is not assignable to type 'Promise<Record<string, unknown>[]>'.
      Type 'unknown' is not assignable to type 'Record<string, unknown>[]'.
app/api/learning/lessons/route.ts(18,45): error TS2345: Argument of type 'SqlClient' is not assignable to parameter of type 'SqlClient'.
  The types returned by 'query(...)' are incompatible between these types.
    Type 'Promise<unknown>' is not assignable to type 'Promise<Record<string, unknown>[]>'.
      Type 'unknown' is not assignable to type 'Record<string, unknown>[]'.
app/api/learning/recommendations/[recommendationId]/route.ts(35,69): error TS2345: Argument of type 'SqlClient' is not assignable to parameter of type 'SqlClient'.
  The types returned by 'query(...)' are incompatible between these types.
    Type 'Promise<unknown>' is not assignable to type 'Promise<Record<string, unknown>[]>'.
      Type 'unknown' is not assignable to type 'Record<string, unknown>[]'.
app/api/learning/recommendations/events/route.ts(60,62): error TS2345: Argument of type 'SqlClient' is not assignable to parameter of type 'SqlClient'.
  The types returned by 'query(...)' are incompatible between these types.
    Type 'Promise<unknown>' is not assignable to type 'Promise<Record<string, unknown>[]>'.
      Type 'unknown' is not assignable to type 'Record<string, unknown>[]'.
app/api/learning/recommendations/metrics/route.ts(31,63): error TS2345: Argument of type 'SqlClient' is not assignable to parameter of type 'SqlClient'.
  The types returned by 'query(...)' are incompatible between these types.
    Type 'Promise<unknown>' is not assignable to type 'Promise<Record<string, unknown>[]>'.
      Type 'unknown' is not assignable to type 'Record<string, unknown>[]'.
app/api/learning/recommendations/metrics/route.ts(37,49): error TS2345: Argument of type 'SqlClient' is not assignable to parameter of type 'SqlClient'.
  The types returned by 'query(...)' are incompatible between these types.
    Type 'Promise<unknown>' is not assignable to type 'Promise<Record<string, unknown>[]>'.
      Type 'unknown' is not assignable to type 'Record<string, unknown>[]'.
app/api/learning/recommendations/metrics/route.ts(43,60): error TS2345: Argument of type 'SqlClient' is not assignable to parameter of type 'SqlTag'.
  The types returned by 'query(...)' are incompatible between these types.
    Type 'Promise<unknown>' is not assignable to type 'Promise<Record<string, unknown>[]>'.
      Type 'unknown' is not assignable to type 'Record<string, unknown>[]'.
app/api/learning/recommendations/route.ts(101,63): error TS2345: Argument of type 'SqlClient' is not assignable to parameter of type 'SqlClient'.
  The types returned by 'query(...)' are incompatible between these types.
    Type 'Promise<unknown>' is not assignable to type 'Promise<Record<string, unknown>[]>'.
      Type 'unknown' is not assignable to type 'Record<string, unknown>[]'.
app/api/learning/recommendations/route.ts(118,47): error TS2345: Argument of type 'SqlClient' is not assignable to parameter of type 'SqlTag'.
  The types returned by 'query(...)' are incompatible between these types.
    Type 'Promise<unknown>' is not assignable to type 'Promise<Record<string, unknown>[]>'.
      Type 'unknown' is not assignable to type 'Record<string, unknown>[]'.
app/api/learning/recommendations/route.ts(125,51): error TS2345: Argument of type 'SqlClient' is not assignable to parameter of type 'SqlClient'.
  The types returned by 'query(...)' are incompatible between these types.
    Type 'Promise<unknown>' is not assignable to type 'Promise<Record<string, unknown>[]>'.
      Type 'unknown' is not assignable to type 'Record<string, unknown>[]'.
app/api/learning/recommendations/route.ts(131,56): error TS2345: Argument of type 'SqlClient' is not assignable to parameter of type 'SqlTag'.
  The types returned by 'query(...)' are incompatible between these types.
    Type 'Promise<unknown>' is not assignable to type 'Promise<Record<string, unknown>[]>'.
      Type 'unknown' is not assignable to type 'Record<string, unknown>[]'.
app/api/learning/recommendations/route.ts(188,56): error TS2345: Argument of type 'SqlClient' is not assignable to parameter of type 'SqlTag'.
  The types returned by 'query(...)' are incompatible between these types.
    Type 'Promise<unknown>' is not assignable to type 'Promise<Record<string, unknown>[]>'.
      Type 'unknown' is not assignable to type 'Record<string, unknown>[]'.
app/api/learning/recommendations/route.ts(191,58): error TS2345: Argument of type 'SqlClient' is not assignable to parameter of type 'SqlTag'.
  The types returned by 'query(...)' are incompatible between these types.
    Type 'Promise<unknown>' is not assignable to type 'Promise<Record<string, unknown>[]>'.
      Type 'unknown' is not assignable to type 'Record<string, unknown>[]'.
app/api/learning/route.ts(31,39): error TS2345: Argument of type 'SqlClient' is not assignable to parameter of type 'SqlTag'.
  The types returned by 'query(...)' are incompatible between these types.
    Type 'Promise<unknown>' is not assignable to type 'Promise<Record<string, unknown>[]>'.
      Type 'unknown' is not assignable to type 'Record<string, unknown>[]'.
app/api/learning/route.ts(40,7): error TS2322: Type 'unknown' is not assignable to type 'any[]'.
app/api/learning/route.ts(105,17): error TS18046: 'result' is of type 'unknown'.
app/api/learning/route.ts(108,42): error TS18046: 'result' is of type 'unknown'.
app/api/learning/suggestions/route.ts(15,57): error TS2345: Argument of type 'SqlClient' is not assignable to parameter of type 'SqlTag'.
  The types returned by 'query(...)' are incompatible between these types.
    Type 'Promise<unknown>' is not assignable to type 'Promise<Record<string, unknown>[]>'.
      Type 'unknown' is not assignable to type 'Record<string, unknown>[]'.
app/api/learning/suggestions/route.ts(31,59): error TS2345: Argument of type 'SqlClient' is not assignable to parameter of type 'SqlTag'.
  The types returned by 'query(...)' are incompatible between these types.
    Type 'Promise<unknown>' is not assignable to type 'Promise<Record<string, unknown>[]>'.
      Type 'unknown' is not assignable to type 'Record<string, unknown>[]'.
app/api/learning/suggestions/route.ts(38,41): error TS2345: Argument of type 'SqlClient' is not assignable to parameter of type 'SqlTag'.
  The types returned by 'query(...)' are incompatible between these types.
    Type 'Promise<unknown>' is not assignable to type 'Promise<Record<string, unknown>[]>'.
      Type 'unknown' is not assignable to type 'Record<string, unknown>[]'.
app/api/messages/attachments/route.ts(19,52): error TS2345: Argument of type 'SqlClient' is not assignable to parameter of type 'SqlClient'.
  The types returned by 'query(...)' are incompatible between these types.
    Type 'Promise<unknown>' is not assignable to type 'Promise<Record<string, unknown>[]>'.
      Type 'unknown' is not assignable to type 'Record<string, unknown>[]'.
app/api/messages/route.ts(107,37): error TS2345: Argument of type 'SqlClient' is not assignable to parameter of type 'SqlClient'.
  The types returned by 'query(...)' are incompatible between these types.
    Type 'Promise<unknown>' is not assignable to type 'Promise<Record<string, unknown>[]>'.
      Type 'unknown' is not assignable to type 'Record<string, unknown>[]'.
app/api/messages/route.ts(117,53): error TS2345: Argument of type 'SqlClient' is not assignable to parameter of type 'SqlClient'.
  The types returned by 'query(...)' are incompatible between these types.
    Type 'Promise<unknown>' is not assignable to type 'Promise<Record<string, unknown>[]>'.
      Type 'unknown' is not assignable to type 'Record<string, unknown>[]'.
app/api/messages/route.ts(123,53): error TS2345: Argument of type 'SqlClient' is not assignable to parameter of type 'SqlClient'.
  The types returned by 'query(...)' are incompatible between these types.
    Type 'Promise<unknown>' is not assignable to type 'Promise<Record<string, unknown>[]>'.
      Type 'unknown' is not assignable to type 'Record<string, unknown>[]'.
app/api/messages/route.ts(179,82): error TS2345: Argument of type 'SqlClient' is not assignable to parameter of type 'SqlClient'.
  The types returned by 'query(...)' are incompatible between these types.
    Type 'Promise<unknown>' is not assignable to type 'Promise<Record<string, unknown>[]>'.
      Type 'unknown' is not assignable to type 'Record<string, unknown>[]'.
app/api/messages/route.ts(184,43): error TS2345: Argument of type 'SqlClient' is not assignable to parameter of type 'SqlClient'.
  The types returned by 'query(...)' are incompatible between these types.
    Type 'Promise<unknown>' is not assignable to type 'Promise<Record<string, unknown>[]>'.
      Type 'unknown' is not assignable to type 'Record<string, unknown>[]'.
app/api/messages/route.ts(201,45): error TS2345: Argument of type 'SqlClient' is not assignable to parameter of type 'SqlClient'.
  The types returned by 'query(...)' are incompatible between these types.
    Type 'Promise<unknown>' is not assignable to type 'Promise<Record<string, unknown>[]>'.
      Type 'unknown' is not assignable to type 'Record<string, unknown>[]'.
app/api/messages/route.ts(251,57): error TS2345: Argument of type 'SqlClient' is not assignable to parameter of type 'SqlClient'.
  The types returned by 'query(...)' are incompatible between these types.
    Type 'Promise<unknown>' is not assignable to type 'Promise<Record<string, unknown>[]>'.
      Type 'unknown' is not assignable to type 'Record<string, unknown>[]'.
app/api/messages/route.ts(268,41): error TS2345: Argument of type 'SqlClient' is not assignable to parameter of type 'SqlClient'.
  The types returned by 'query(...)' are incompatible between these types.
    Type 'Promise<unknown>' is not assignable to type 'Promise<Record<string, unknown>[]>'.
      Type 'unknown' is not assignable to type 'Record<string, unknown>[]'.
app/api/messages/route.ts(287,45): error TS2345: Argument of type 'SqlClient' is not assignable to parameter of type 'SqlClient'.
  The types returned by 'query(...)' are incompatible between these types.
    Type 'Promise<unknown>' is not assignable to type 'Promise<Record<string, unknown>[]>'.
      Type 'unknown' is not assignable to type 'Record<string, unknown>[]'.
app/api/messages/route.ts(301,32): error TS2345: Argument of type 'SqlClient' is not assignable to parameter of type 'SqlClient'.
  The types returned by 'query(...)' are incompatible between these types.
    Type 'Promise<unknown>' is not assignable to type 'Promise<Record<string, unknown>[]>'.
      Type 'unknown' is not assignable to type 'Record<string, unknown>[]'.
app/api/messages/route.ts(340,51): error TS2345: Argument of type 'SqlClient' is not assignable to parameter of type 'SqlClient'.
  The types returned by 'query(...)' are incompatible between these types.
    Type 'Promise<unknown>' is not assignable to type 'Promise<Record<string, unknown>[]>'.
      Type 'unknown' is not assignable to type 'Record<string, unknown>[]'.
app/api/messages/route.ts(365,55): error TS2345: Argument of type 'SqlClient' is not assignable to parameter of type 'SqlClient'.
  The types returned by 'query(...)' are incompatible between these types.
    Type 'Promise<unknown>' is not assignable to type 'Promise<Record<string, unknown>[]>'.
      Type 'unknown' is not assignable to type 'Record<string, unknown>[]'.
app/api/messages/route.ts(370,33): error TS2345: Argument of type 'SqlClient' is not assignable to parameter of type 'SqlClient'.
  The types returned by 'query(...)' are incompatible between these types.
    Type 'Promise<unknown>' is not assignable to type 'Promise<Record<string, unknown>[]>'.
      Type 'unknown' is not assignable to type 'Record<string, unknown>[]'.
app/api/messages/route.ts(375,44): error TS2345: Argument of type 'SqlClient' is not assignable to parameter of type 'SqlClient'.
  The types returned by 'query(...)' are incompatible between these types.
    Type 'Promise<unknown>' is not assignable to type 'Promise<Record<string, unknown>[]>'.
      Type 'unknown' is not assignable to type 'Record<string, unknown>[]'.
app/api/messages/threads/[threadId]/route.ts(19,40): error TS2345: Argument of type 'SqlClient' is not assignable to parameter of type 'SqlClient'.
  The types returned by 'query(...)' are incompatible between these types.
    Type 'Promise<unknown>' is not assignable to type 'Promise<Record<string, unknown>[]>'.
      Type 'unknown' is not assignable to type 'Record<string, unknown>[]'.
app/api/messages/threads/route.ts(19,36): error TS2345: Argument of type 'SqlClient' is not assignable to parameter of type 'SqlClient'.
  The types returned by 'query(...)' are incompatible between these types.
    Type 'Promise<unknown>' is not assignable to type 'Promise<Record<string, unknown>[]>'.
      Type 'unknown' is not assignable to type 'Record<string, unknown>[]'.
app/api/messages/threads/route.ts(46,39): error TS2345: Argument of type 'SqlClient' is not assignable to parameter of type 'SqlClient'.
  The types returned by 'query(...)' are incompatible between these types.
    Type 'Promise<unknown>' is not assignable to type 'Promise<Record<string, unknown>[]>'.
      Type 'unknown' is not assignable to type 'Record<string, unknown>[]'.
app/api/messages/threads/route.ts(77,42): error TS2345: Argument of type 'SqlClient' is not assignable to parameter of type 'SqlClient'.
  The types returned by 'query(...)' are incompatible between these types.
    Type 'Promise<unknown>' is not assignable to type 'Promise<Record<string, unknown>[]>'.
      Type 'unknown' is not assignable to type 'Record<string, unknown>[]'.
app/api/messages/threads/route.ts(87,39): error TS2345: Argument of type 'SqlClient' is not assignable to parameter of type 'SqlClient'.
  The types returned by 'query(...)' are incompatible between these types.
    Type 'Promise<unknown>' is not assignable to type 'Promise<Record<string, unknown>[]>'.
      Type 'unknown' is not assignable to type 'Record<string, unknown>[]'.
app/api/model-strategies/[strategyId]/complete/route.ts(31,45): error TS2345: Argument of type 'SqlClient' is not assignable to parameter of type 'SqlTag'.
  The types returned by 'query(...)' are incompatible between these types.
    Type 'Promise<unknown>' is not assignable to type 'Promise<Record<string, unknown>[]>'.
      Type 'unknown' is not assignable to type 'Record<string, unknown>[]'.
app/api/model-strategies/[strategyId]/complete/route.ts(51,44): error TS2345: Argument of type 'SqlClient' is not assignable to parameter of type 'SqlTag'.
  The types returned by 'query(...)' are incompatible between these types.
    Type 'Promise<unknown>' is not assignable to type 'Promise<Record<string, unknown>[]>'.
      Type 'unknown' is not assignable to type 'Record<string, unknown>[]'.
app/api/model-strategies/[strategyId]/route.ts(20,45): error TS2345: Argument of type 'SqlClient' is not assignable to parameter of type 'SqlTag'.
  The types returned by 'query(...)' are incompatible between these types.
    Type 'Promise<unknown>' is not assignable to type 'Promise<Record<string, unknown>[]>'.
      Type 'unknown' is not assignable to type 'Record<string, unknown>[]'.
app/api/model-strategies/[strategyId]/route.ts(38,49): error TS2345: Argument of type 'SqlClient' is not assignable to parameter of type 'SqlTag'.
  The types returned by 'query(...)' are incompatible between these types.
    Type 'Promise<unknown>' is not assignable to type 'Promise<Record<string, unknown>[]>'.
      Type 'unknown' is not assignable to type 'Record<string, unknown>[]'.
app/api/model-strategies/[strategyId]/route.ts(60,47): error TS2345: Argument of type 'SqlClient' is not assignable to parameter of type 'SqlTag'.
  The types returned by 'query(...)' are incompatible between these types.
    Type 'Promise<unknown>' is not assignable to type 'Promise<Record<string, unknown>[]>'.
      Type 'unknown' is not assignable to type 'Record<string, unknown>[]'.
app/api/model-strategies/route.ts(17,50): error TS2345: Argument of type 'SqlClient' is not assignable to parameter of type 'SqlTag'.
  The types returned by 'query(...)' are incompatible between these types.
    Type 'Promise<unknown>' is not assignable to type 'Promise<Record<string, unknown>[]>'.
      Type 'unknown' is not assignable to type 'Record<string, unknown>[]'.
app/api/model-strategies/route.ts(38,50): error TS2345: Argument of type 'SqlClient' is not assignable to parameter of type 'SqlTag'.
  The types returned by 'query(...)' are incompatible between these types.
    Type 'Promise<unknown>' is not assignable to type 'Promise<Record<string, unknown>[]>'.
      Type 'unknown' is not assignable to type 'Record<string, unknown>[]'.
app/api/oauth/authorize/route.ts(55,34): error TS2345: Argument of type 'SqlClient' is not assignable to parameter of type 'SqlTag'.
  The types returned by 'query(...)' are incompatible between these types.
    Type 'Promise<unknown>' is not assignable to type 'Promise<Record<string, unknown>[]>'.
      Type 'unknown' is not assignable to type 'Record<string, unknown>[]'.
app/api/oauth/authorize/route.ts(114,24): error TS2345: Argument of type 'SqlClient' is not assignable to parameter of type 'SqlTag'.
  The types returned by 'query(...)' are incompatible between these types.
    Type 'Promise<unknown>' is not assignable to type 'Promise<Record<string, unknown>[]>'.
      Type 'unknown' is not assignable to type 'Record<string, unknown>[]'.
app/api/oauth/register/route.ts(30,24): error TS2345: Argument of type 'SqlClient' is not assignable to parameter of type 'SqlTag'.
  The types returned by 'query(...)' are incompatible between these types.
    Type 'Promise<unknown>' is not assignable to type 'Promise<Record<string, unknown>[]>'.
      Type 'unknown' is not assignable to type 'Record<string, unknown>[]'.
app/api/oauth/token/route.ts(49,39): error TS2345: Argument of type 'SqlClient' is not assignable to parameter of type 'SqlTag'.
  The types returned by 'query(...)' are incompatible between these types.
    Type 'Promise<unknown>' is not assignable to type 'Promise<Record<string, unknown>[]>'.
      Type 'unknown' is not assignable to type 'Record<string, unknown>[]'.
app/api/oauth/token/route.ts(67,42): error TS2345: Argument of type 'SqlClient' is not assignable to parameter of type 'SqlTag'.
  The types returned by 'query(...)' are incompatible between these types.
    Type 'Promise<unknown>' is not assignable to type 'Promise<Record<string, unknown>[]>'.
      Type 'unknown' is not assignable to type 'Record<string, unknown>[]'.
app/api/operations/feed/route.ts(23,46): error TS2345: Argument of type 'SqlClient' is not assignable to parameter of type 'SqlClient'.
  Type 'unknown' is not assignable to type 'Promise<Row[]> & { catch(onrejected: (reason: unknown) => unknown): Promise<unknown>; }'.
    Type 'unknown' is not assignable to type 'Promise<Row[]>'.
app/api/operations/summary/route.ts(19,12): error TS2345: Argument of type 'unknown' is not assignable to parameter of type 'Promise<Record<string, number>[]>'.
app/api/operations/summary/route.ts(29,12): error TS2345: Argument of type 'unknown' is not assignable to parameter of type 'Promise<Record<string, number>[]>'.
app/api/operations/summary/route.ts(42,12): error TS2345: Argument of type 'unknown' is not assignable to parameter of type 'Promise<Record<string, number>[]>'.
app/api/operations/summary/route.ts(53,12): error TS2345: Argument of type 'unknown' is not assignable to parameter of type 'Promise<Record<string, number>[]>'.
app/api/operations/summary/route.ts(66,12): error TS2345: Argument of type 'unknown' is not assignable to parameter of type 'Promise<Record<string, number>[]>'.
app/api/orgs/[orgId]/keys/route.ts(37,9): error TS18046: 'org' is of type 'unknown'.
app/api/orgs/[orgId]/keys/route.ts(77,9): error TS18046: 'org' is of type 'unknown'.
app/api/orgs/[orgId]/keys/route.ts(145,9): error TS18046: 'existing' is of type 'unknown'.
app/api/orgs/[orgId]/keys/route.ts(148,9): error TS18046: 'existing' is of type 'unknown'.
app/api/orgs/[orgId]/route.ts(31,9): error TS18046: 'orgs' is of type 'unknown'.
app/api/orgs/[orgId]/route.ts(40,21): error TS18046: 'orgs' is of type 'unknown'.
app/api/orgs/[orgId]/route.ts(41,29): error TS18046: 'keyCount' is of type 'unknown'.
app/api/orgs/[orgId]/route.ts(69,9): error TS18046: 'existing' is of type 'unknown'.
app/api/orgs/[orgId]/route.ts(95,46): error TS18046: 'result' is of type 'unknown'.
app/api/orgs/route.ts(100,21): error TS2345: Argument of type 'SqlClient' is not assignable to parameter of type 'SqlTag'.
  Type 'unknown' is not assignable to type 'Promise<Record<string, unknown>[]>'.
app/api/orgs/route.ts(105,21): error TS18046: 'orgResult' is of type 'unknown'.
app/api/pairings/[pairingId]/approve/route.ts(21,35): error TS2345: Argument of type 'SqlClient' is not assignable to parameter of type 'SqlTag'.
  The types returned by 'query(...)' are incompatible between these types.
    Type 'Promise<unknown>' is not assignable to type 'Promise<Record<string, unknown>[]>'.
      Type 'unknown' is not assignable to type 'Record<string, unknown>[]'.
app/api/pairings/[pairingId]/approve/route.ts(29,27): error TS2345: Argument of type 'SqlClient' is not assignable to parameter of type 'SqlTag'.
  The types returned by 'query(...)' are incompatible between these types.
    Type 'Promise<unknown>' is not assignable to type 'Promise<Record<string, unknown>[]>'.
      Type 'unknown' is not assignable to type 'Record<string, unknown>[]'.
app/api/pairings/[pairingId]/approve/route.ts(37,47): error TS2345: Argument of type 'SqlClient' is not assignable to parameter of type 'SqlTag'.
  The types returned by 'query(...)' are incompatible between these types.
    Type 'Promise<unknown>' is not assignable to type 'Promise<Record<string, unknown>[]>'.
      Type 'unknown' is not assignable to type 'Record<string, unknown>[]'.
app/api/pairings/[pairingId]/approve/route.ts(44,26): error TS2345: Argument of type 'SqlClient' is not assignable to parameter of type 'SqlTag'.
  The types returned by 'query(...)' are incompatible between these types.
    Type 'Promise<unknown>' is not assignable to type 'Promise<Record<string, unknown>[]>'.
      Type 'unknown' is not assignable to type 'Record<string, unknown>[]'.
app/api/pairings/[pairingId]/route.ts(17,35): error TS2345: Argument of type 'SqlClient' is not assignable to parameter of type 'SqlTag'.
  The types returned by 'query(...)' are incompatible between these types.
    Type 'Promise<unknown>' is not assignable to type 'Promise<Record<string, unknown>[]>'.
      Type 'unknown' is not assignable to type 'Record<string, unknown>[]'.
app/api/pairings/[pairingId]/route.ts(26,27): error TS2345: Argument of type 'SqlClient' is not assignable to parameter of type 'SqlTag'.
  The types returned by 'query(...)' are incompatible between these types.
    Type 'Promise<unknown>' is not assignable to type 'Promise<Record<string, unknown>[]>'.
      Type 'unknown' is not assignable to type 'Record<string, unknown>[]'.
app/api/pairings/[pairingId]/route.ts(61,41): error TS2345: Argument of type 'SqlClient' is not assignable to parameter of type 'SqlTag'.
  The types returned by 'query(...)' are incompatible between these types.
    Type 'Promise<unknown>' is not assignable to type 'Promise<Record<string, unknown>[]>'.
      Type 'unknown' is not assignable to type 'Record<string, unknown>[]'.
app/api/pairings/route.ts(36,38): error TS2345: Argument of type 'SqlClient' is not assignable to parameter of type 'SqlTag'.
  The types returned by 'query(...)' are incompatible between these types.
    Type 'Promise<unknown>' is not assignable to type 'Promise<Record<string, unknown>[]>'.
      Type 'unknown' is not assignable to type 'Record<string, unknown>[]'.
app/api/pairings/route.ts(65,37): error TS2345: Argument of type 'SqlClient' is not assignable to parameter of type 'SqlTag'.
  The types returned by 'query(...)' are incompatible between these types.
    Type 'Promise<unknown>' is not assignable to type 'Promise<Record<string, unknown>[]>'.
      Type 'unknown' is not assignable to type 'Record<string, unknown>[]'.
app/api/policies/generate/route.ts(51,43): error TS2345: Argument of type 'SqlClient' is not assignable to parameter of type 'SqlClient'.
  Type 'unknown' is not assignable to type 'Promise<any[]>'.
app/api/policies/generate/route.ts(71,26): error TS2345: Argument of type 'SqlClient' is not assignable to parameter of type 'SqlTag'.
  The types returned by 'query(...)' are incompatible between these types.
    Type 'Promise<unknown>' is not assignable to type 'Promise<Record<string, unknown>[]>'.
      Type 'unknown' is not assignable to type 'Record<string, unknown>[]'.
app/api/policies/import/route.ts(71,49): error TS2345: Argument of type 'SqlClient' is not assignable to parameter of type 'SqlTag'.
  The types returned by 'query(...)' are incompatible between these types.
    Type 'Promise<unknown>' is not assignable to type 'Promise<Record<string, unknown>[]>'.
      Type 'unknown' is not assignable to type 'Record<string, unknown>[]'.
app/api/policies/import/route.ts(105,49): error TS2345: Argument of type 'SqlClient' is not assignable to parameter of type 'SqlTag'.
  The types returned by 'query(...)' are incompatible between these types.
    Type 'Promise<unknown>' is not assignable to type 'Promise<Record<string, unknown>[]>'.
      Type 'unknown' is not assignable to type 'Record<string, unknown>[]'.
app/api/policies/import/route.ts(114,43): error TS2345: Argument of type 'SqlClient' is not assignable to parameter of type 'SqlTag'.
  The types returned by 'query(...)' are incompatible between these types.
    Type 'Promise<unknown>' is not assignable to type 'Promise<Record<string, unknown>[]>'.
      Type 'unknown' is not assignable to type 'Record<string, unknown>[]'.
app/api/policies/proof/route.ts(21,46): error TS2345: Argument of type 'SqlClient' is not assignable to parameter of type 'SqlTag'.
  The types returned by 'query(...)' are incompatible between these types.
    Type 'Promise<unknown>' is not assignable to type 'Promise<Record<string, unknown>[]>'.
      Type 'unknown' is not assignable to type 'Record<string, unknown>[]'.
app/api/policies/proof/route.ts(22,39): error TS2345: Argument of type 'Record<string, unknown>[]' is not assignable to parameter of type 'DashClawPolicy[]'.
  Type 'Record<string, unknown>' is missing the following properties from type 'DashClawPolicy': name, policy_type, rules
app/api/policies/proof/route.ts(26,35): error TS2345: Argument of type 'GuardrailDocument' is not assignable to parameter of type 'PolicyDoc'.
  Types of property 'policies' are incompatible.
    Type 'ConvertedPolicy[]' is not assignable to type 'Policy[]'.
      Type 'ConvertedPolicy' is not assignable to type 'Policy'.
        Types of property 'tests' are incompatible.
          Type 'GuardrailTest[] | undefined' is not assignable to type 'PolicyTest[] | undefined'.
            Type 'GuardrailTest[]' is not assignable to type 'PolicyTest[]'.
              Type 'GuardrailTest' is not assignable to type 'PolicyTest'.
                Types of property 'expect' are incompatible.
                  Property 'allowed' is missing in type 'Record<string, unknown>' but required in type '{ allowed: unknown; }'.
app/api/policies/proof/route.ts(28,39): error TS2345: Argument of type 'GuardrailDocument' is not assignable to parameter of type 'PolicyDoc'.
  Types of property 'policies' are incompatible.
    Type 'ConvertedPolicy[]' is not assignable to type 'Policy[]'.
      Type 'ConvertedPolicy' is not assignable to type 'Policy'.
        Types of property 'tests' are incompatible.
          Type 'GuardrailTest[] | undefined' is not assignable to type 'PolicyTest[] | undefined'.
            Type 'GuardrailTest[]' is not assignable to type 'PolicyTest[]'.
              Type 'GuardrailTest' is not assignable to type 'PolicyTest'.
                Types of property 'expect' are incompatible.
                  Property 'allowed' is missing in type 'Record<string, unknown>' but required in type '{ allowed: unknown; }'.
app/api/policies/route.ts(30,24): error TS18046: 'policies' is of type 'unknown'.
app/api/policies/route.ts(81,66): error TS18046: 'rows' is of type 'unknown'.
app/api/policies/route.ts(83,40): error TS18046: 'rows' is of type 'unknown'.
app/api/policies/route.ts(130,11): error TS18046: 'existing' is of type 'unknown'.
app/api/policies/route.ts(133,46): error TS18046: 'existing' is of type 'unknown'.
app/api/policies/route.ts(163,9): error TS18046: 'rows' is of type 'unknown'.
app/api/policies/route.ts(167,66): error TS18046: 'rows' is of type 'unknown'.
app/api/policies/route.ts(169,40): error TS18046: 'rows' is of type 'unknown'.
app/api/policies/route.ts(203,46): error TS2345: Argument of type 'SqlClient' is not assignable to parameter of type 'SqlTag'.
  The types returned by 'query(...)' are incompatible between these types.
    Type 'Promise<unknown>' is not assignable to type 'Promise<Record<string, unknown>[]>'.
      Type 'unknown' is not assignable to type 'Record<string, unknown>[]'.
app/api/policies/route.ts(211,44): error TS2345: Argument of type 'SqlClient' is not assignable to parameter of type 'SqlTag'.
  The types returned by 'query(...)' are incompatible between these types.
    Type 'Promise<unknown>' is not assignable to type 'Promise<Record<string, unknown>[]>'.
      Type 'unknown' is not assignable to type 'Record<string, unknown>[]'.
app/api/policies/simulate/route.ts(27,52): error TS2345: Argument of type 'SqlClient' is not assignable to parameter of type 'SqlClient'.
  The types returned by 'query(...)' are incompatible between these types.
    Type 'Promise<unknown>' is not assignable to type 'Promise<Row[]>'.
      Type 'unknown' is not assignable to type 'Row[]'.
app/api/policies/simulate/route.ts(50,123): error TS2345: Argument of type 'SqlClient' is not assignable to parameter of type 'GuardSql'.
  The types returned by 'query(...)' are incompatible between these types.
    Type 'Promise<unknown>' is not assignable to type 'Promise<Record<string, unknown>[]>'.
      Type 'unknown' is not assignable to type 'Record<string, unknown>[]'.
app/api/policies/test/route.ts(87,121): error TS2345: Argument of type 'SqlClient' is not assignable to parameter of type 'GuardSql'.
  The types returned by 'query(...)' are incompatible between these types.
    Type 'Promise<unknown>' is not assignable to type 'Promise<Record<string, unknown>[]>'.
      Type 'unknown' is not assignable to type 'Record<string, unknown>[]'.
app/api/policies/test/route.ts(113,44): error TS2345: Argument of type 'SqlClient' is not assignable to parameter of type 'SqlTag'.
  The types returned by 'query(...)' are incompatible between these types.
    Type 'Promise<unknown>' is not assignable to type 'Promise<Record<string, unknown>[]>'.
      Type 'unknown' is not assignable to type 'Record<string, unknown>[]'.
app/api/policies/test/route.ts(122,37): error TS2345: Argument of type 'Record<string, unknown>[]' is not assignable to parameter of type 'DashClawPolicy[]'.
  Type 'Record<string, unknown>' is missing the following properties from type 'DashClawPolicy': name, policy_type, rules
app/api/policies/test/route.ts(161,23): error TS2345: Argument of type 'SqlClient' is not assignable to parameter of type 'SqlTag'.
  The types returned by 'query(...)' are incompatible between these types.
    Type 'Promise<unknown>' is not assignable to type 'Promise<Record<string, unknown>[]>'.
      Type 'unknown' is not assignable to type 'Record<string, unknown>[]'.
app/api/prompts/render/route.ts(24,35): error TS2345: Argument of type 'unknown' is not assignable to parameter of type 'string'.
app/api/prompts/render/route.ts(25,38): error TS2345: Argument of type 'unknown' is not assignable to parameter of type 'string'.
app/api/prompts/render/route.ts(38,9): error TS2322: Type 'unknown' is not assignable to type 'string'.
app/api/prompts/render/route.ts(39,9): error TS2322: Type 'unknown' is not assignable to type 'string'.
app/api/prompts/runs/route.ts(18,39): error TS2345: Argument of type 'SqlClient' is not assignable to parameter of type 'SqlTag'.
  The types returned by 'query(...)' are incompatible between these types.
    Type 'Promise<unknown>' is not assignable to type 'Promise<Record<string, unknown>[]>'.
      Type 'unknown' is not assignable to type 'Record<string, unknown>[]'.
app/api/reputation/agents/[agentId]/events/route.ts(23,34): error TS2345: Argument of type 'SqlClient' is not assignable to parameter of type 'SqlClient'.
  The types returned by 'query(...)' are incompatible between these types.
    Type 'Promise<unknown>' is not assignable to type 'Promise<Record<string, unknown>[]>'.
      Type 'unknown' is not assignable to type 'Record<string, unknown>[]'.
app/api/reputation/agents/[agentId]/events/route.ts(27,47): error TS2345: Argument of type 'SqlClient' is not assignable to parameter of type 'SqlClient'.
  The types returned by 'query(...)' are incompatible between these types.
    Type 'Promise<unknown>' is not assignable to type 'Promise<Record<string, unknown>[]>'.
      Type 'unknown' is not assignable to type 'Record<string, unknown>[]'.
app/api/reputation/agents/[agentId]/receipt/route.ts(21,53): error TS2345: Argument of type 'SqlClient' is not assignable to parameter of type 'SqlClient'.
  The types returned by 'query(...)' are incompatible between these types.
    Type 'Promise<unknown>' is not assignable to type 'Promise<Record<string, unknown>[]>'.
      Type 'unknown' is not assignable to type 'Record<string, unknown>[]'.
app/api/reputation/agents/[agentId]/receipt/route.ts(26,34): error TS2345: Argument of type 'SqlClient' is not assignable to parameter of type 'SqlClient'.
  The types returned by 'query(...)' are incompatible between these types.
    Type 'Promise<unknown>' is not assignable to type 'Promise<Record<string, unknown>[]>'.
      Type 'unknown' is not assignable to type 'Record<string, unknown>[]'.
app/api/reputation/agents/[agentId]/receipt/route.ts(30,47): error TS2345: Argument of type 'SqlClient' is not assignable to parameter of type 'SqlClient'.
  The types returned by 'query(...)' are incompatible between these types.
    Type 'Promise<unknown>' is not assignable to type 'Promise<Record<string, unknown>[]>'.
      Type 'unknown' is not assignable to type 'Record<string, unknown>[]'.
app/api/reputation/agents/[agentId]/recompute/route.ts(21,34): error TS2345: Argument of type 'SqlClient' is not assignable to parameter of type 'SqlClient'.
  The types returned by 'query(...)' are incompatible between these types.
    Type 'Promise<unknown>' is not assignable to type 'Promise<Record<string, unknown>[]>'.
      Type 'unknown' is not assignable to type 'Record<string, unknown>[]'.
app/api/reputation/agents/[agentId]/recompute/route.ts(25,50): error TS2345: Argument of type 'SqlClient' is not assignable to parameter of type 'SqlClient'.
  The types returned by 'query(...)' are incompatible between these types.
    Type 'Promise<unknown>' is not assignable to type 'Promise<Record<string, unknown>[]>'.
      Type 'unknown' is not assignable to type 'Record<string, unknown>[]'.
app/api/reputation/agents/[agentId]/route.ts(25,50): error TS2345: Argument of type 'SqlClient' is not assignable to parameter of type 'SqlClient'.
  The types returned by 'query(...)' are incompatible between these types.
    Type 'Promise<unknown>' is not assignable to type 'Promise<Record<string, unknown>[]>'.
      Type 'unknown' is not assignable to type 'Record<string, unknown>[]'.
app/api/reputation/agents/[agentId]/route.ts(30,34): error TS2345: Argument of type 'SqlClient' is not assignable to parameter of type 'SqlClient'.
  The types returned by 'query(...)' are incompatible between these types.
    Type 'Promise<unknown>' is not assignable to type 'Promise<Record<string, unknown>[]>'.
      Type 'unknown' is not assignable to type 'Record<string, unknown>[]'.
app/api/reputation/agents/[agentId]/route.ts(34,50): error TS2345: Argument of type 'SqlClient' is not assignable to parameter of type 'SqlClient'.
  The types returned by 'query(...)' are incompatible between these types.
    Type 'Promise<unknown>' is not assignable to type 'Promise<Record<string, unknown>[]>'.
      Type 'unknown' is not assignable to type 'Record<string, unknown>[]'.
app/api/reputation/agents/[agentId]/summary/route.ts(26,63): error TS2345: Argument of type 'SqlClient' is not assignable to parameter of type 'SqlClient'.
  The types returned by 'query(...)' are incompatible between these types.
    Type 'Promise<unknown>' is not assignable to type 'Promise<Record<string, unknown>[]>'.
      Type 'unknown' is not assignable to type 'Record<string, unknown>[]'.
app/api/reputation/agents/[agentId]/summary/route.ts(28,36): error TS2345: Argument of type 'SqlClient' is not assignable to parameter of type 'SqlClient'.
  The types returned by 'query(...)' are incompatible between these types.
    Type 'Promise<unknown>' is not assignable to type 'Promise<Record<string, unknown>[]>'.
      Type 'unknown' is not assignable to type 'Record<string, unknown>[]'.
app/api/reputation/agents/[agentId]/summary/route.ts(31,46): error TS2345: Argument of type 'SqlClient' is not assignable to parameter of type 'SqlClient'.
  The types returned by 'query(...)' are incompatible between these types.
    Type 'Promise<unknown>' is not assignable to type 'Promise<Record<string, unknown>[]>'.
      Type 'unknown' is not assignable to type 'Record<string, unknown>[]'.
app/api/reputation/leaderboard/route.ts(20,48): error TS2345: Argument of type 'SqlClient' is not assignable to parameter of type 'SqlClient'.
  The types returned by 'query(...)' are incompatible between these types.
    Type 'Promise<unknown>' is not assignable to type 'Promise<Record<string, unknown>[]>'.
      Type 'unknown' is not assignable to type 'Record<string, unknown>[]'.
app/api/reputation/verify/route.ts(25,48): error TS2345: Argument of type 'SqlClient' is not assignable to parameter of type 'SqlTag'.
  The types returned by 'query(...)' are incompatible between these types.
    Type 'Promise<unknown>' is not assignable to type 'Promise<Record<string, unknown>[]>'.
      Type 'unknown' is not assignable to type 'Record<string, unknown>[]'.
app/api/scoring/calibrate/route.ts(14,40): error TS2345: Argument of type 'SqlClient' is not assignable to parameter of type 'SqlTag'.
  Type 'unknown' is not assignable to type 'Promise<Record<string, unknown>[]>'.
app/api/scoring/profiles/[profileId]/dimensions/[dimensionId]/route.ts(15,43): error TS2345: Argument of type 'SqlClient' is not assignable to parameter of type 'SqlTag'.
  Type 'unknown' is not assignable to type 'Promise<Record<string, unknown>[]>'.
app/api/scoring/profiles/[profileId]/dimensions/[dimensionId]/route.ts(31,43): error TS2345: Argument of type 'SqlClient' is not assignable to parameter of type 'SqlTag'.
  Type 'unknown' is not assignable to type 'Promise<Record<string, unknown>[]>'.
app/api/scoring/profiles/[profileId]/dimensions/route.ts(19,42): error TS2345: Argument of type 'SqlClient' is not assignable to parameter of type 'SqlTag'.
  Type 'unknown' is not assignable to type 'Promise<Record<string, unknown>[]>'.
app/api/scoring/profiles/[profileId]/route.ts(14,38): error TS2345: Argument of type 'SqlClient' is not assignable to parameter of type 'SqlTag'.
  Type 'unknown' is not assignable to type 'Promise<Record<string, unknown>[]>'.
app/api/scoring/profiles/[profileId]/route.ts(31,41): error TS2345: Argument of type 'SqlClient' is not assignable to parameter of type 'SqlTag'.
  Type 'unknown' is not assignable to type 'Promise<Record<string, unknown>[]>'.
app/api/scoring/profiles/[profileId]/route.ts(47,41): error TS2345: Argument of type 'SqlClient' is not assignable to parameter of type 'SqlTag'.
  Type 'unknown' is not assignable to type 'Promise<Record<string, unknown>[]>'.
app/api/scoring/profiles/route.ts(18,41): error TS2345: Argument of type 'SqlClient' is not assignable to parameter of type 'SqlTag'.
  Type 'unknown' is not assignable to type 'Promise<Record<string, unknown>[]>'.
app/api/scoring/profiles/route.ts(36,41): error TS2345: Argument of type 'SqlClient' is not assignable to parameter of type 'SqlTag'.
  Type 'unknown' is not assignable to type 'Promise<Record<string, unknown>[]>'.
app/api/scoring/profiles/route.ts(43,40): error TS2345: Argument of type 'SqlClient' is not assignable to parameter of type 'SqlTag'.
  Type 'unknown' is not assignable to type 'Promise<Record<string, unknown>[]>'.
app/api/scoring/risk-templates/[templateId]/route.ts(15,46): error TS2345: Argument of type 'SqlClient' is not assignable to parameter of type 'SqlTag'.
  Type 'unknown' is not assignable to type 'Promise<Record<string, unknown>[]>'.
app/api/scoring/risk-templates/[templateId]/route.ts(31,46): error TS2345: Argument of type 'SqlClient' is not assignable to parameter of type 'SqlTag'.
  Type 'unknown' is not assignable to type 'Promise<Record<string, unknown>[]>'.
app/api/scoring/risk-templates/route.ts(15,47): error TS2345: Argument of type 'SqlClient' is not assignable to parameter of type 'SqlTag'.
  Type 'unknown' is not assignable to type 'Promise<Record<string, unknown>[]>'.
app/api/scoring/risk-templates/route.ts(33,47): error TS2345: Argument of type 'SqlClient' is not assignable to parameter of type 'SqlTag'.
  Type 'unknown' is not assignable to type 'Promise<Record<string, unknown>[]>'.
app/api/scoring/score/route.ts(21,48): error TS2345: Argument of type 'SqlClient' is not assignable to parameter of type 'SqlTag'.
  Type 'unknown' is not assignable to type 'Promise<Record<string, unknown>[]>'.
app/api/scoring/score/route.ts(25,44): error TS2345: Argument of type 'SqlClient' is not assignable to parameter of type 'SqlTag'.
  Type 'unknown' is not assignable to type 'Promise<Record<string, unknown>[]>'.
app/api/scoring/score/route.ts(45,46): error TS2345: Argument of type 'SqlClient' is not assignable to parameter of type 'SqlTag'.
  Type 'unknown' is not assignable to type 'Promise<Record<string, unknown>[]>'.
app/api/scoring/score/route.ts(54,38): error TS2345: Argument of type 'SqlClient' is not assignable to parameter of type 'SqlTag'.
  Type 'unknown' is not assignable to type 'Promise<Record<string, unknown>[]>'.
app/api/secrets/[id]/route.ts(17,36): error TS2345: Argument of type 'SqlClient' is not assignable to parameter of type 'SqlTag'.
  The types returned by 'query(...)' are incompatible between these types.
    Type 'Promise<unknown>' is not assignable to type 'Promise<Record<string, unknown>[]>'.
      Type 'unknown' is not assignable to type 'Record<string, unknown>[]'.
app/api/secrets/[id]/route.ts(35,35): error TS2345: Argument of type 'SqlClient' is not assignable to parameter of type 'SqlTag'.
  The types returned by 'query(...)' are incompatible between these types.
    Type 'Promise<unknown>' is not assignable to type 'Promise<Record<string, unknown>[]>'.
      Type 'unknown' is not assignable to type 'Record<string, unknown>[]'.
app/api/secrets/rotation-due/route.ts(19,40): error TS2345: Argument of type 'SqlClient' is not assignable to parameter of type 'SqlTag'.
  The types returned by 'query(...)' are incompatible between these types.
    Type 'Promise<unknown>' is not assignable to type 'Promise<Record<string, unknown>[]>'.
      Type 'unknown' is not assignable to type 'Record<string, unknown>[]'.
app/api/secrets/route.ts(17,36): error TS2345: Argument of type 'SqlClient' is not assignable to parameter of type 'SqlTag'.
  The types returned by 'query(...)' are incompatible between these types.
    Type 'Promise<unknown>' is not assignable to type 'Promise<Record<string, unknown>[]>'.
      Type 'unknown' is not assignable to type 'Record<string, unknown>[]'.
app/api/secrets/route.ts(32,39): error TS2345: Argument of type 'SqlClient' is not assignable to parameter of type 'SqlTag'.
  The types returned by 'query(...)' are incompatible between these types.
    Type 'Promise<unknown>' is not assignable to type 'Promise<Record<string, unknown>[]>'.
      Type 'unknown' is not assignable to type 'Record<string, unknown>[]'.
app/api/security/prompt-injection/route.ts(44,24): error TS2345: Argument of type 'SqlClient' is not assignable to parameter of type 'SqlTag'.
  The types returned by 'query(...)' are incompatible between these types.
    Type 'Promise<unknown>' is not assignable to type 'Promise<Record<string, unknown>[]>'.
      Type 'unknown' is not assignable to type 'Record<string, unknown>[]'.
app/api/security/prompt-injection/route.ts(72,46): error TS2345: Argument of type 'SqlClient' is not assignable to parameter of type 'SqlTag'.
  The types returned by 'query(...)' are incompatible between these types.
    Type 'Promise<unknown>' is not assignable to type 'Promise<Record<string, unknown>[]>'.
      Type 'unknown' is not assignable to type 'Record<string, unknown>[]'.
app/api/security/scan/route.ts(46,13): error TS2571: Object is of type 'unknown'.
app/api/security/status/route.ts(71,32): error TS18046: 'unencryptedCount' is of type 'unknown'.
app/api/sessions/[sessionId]/events/route.ts(16,38): error TS2345: Argument of type 'SqlClient' is not assignable to parameter of type 'SqlClient'.
  The types returned by 'query(...)' are incompatible between these types.
    Type 'Promise<unknown>' is not assignable to type 'Promise<Record<string, unknown>[]>'.
      Type 'unknown' is not assignable to type 'Record<string, unknown>[]'.
app/api/sessions/[sessionId]/events/route.ts(22,43): error TS2345: Argument of type 'SqlClient' is not assignable to parameter of type 'SqlClient'.
  The types returned by 'query(...)' are incompatible between these types.
    Type 'Promise<unknown>' is not assignable to type 'Promise<Record<string, unknown>[]>'.
      Type 'unknown' is not assignable to type 'Record<string, unknown>[]'.
app/api/sessions/[sessionId]/route.ts(15,38): error TS2345: Argument of type 'SqlClient' is not assignable to parameter of type 'SqlClient'.
  The types returned by 'query(...)' are incompatible between these types.
    Type 'Promise<unknown>' is not assignable to type 'Promise<Record<string, unknown>[]>'.
      Type 'unknown' is not assignable to type 'Record<string, unknown>[]'.
app/api/sessions/[sessionId]/route.ts(42,41): error TS2345: Argument of type 'SqlClient' is not assignable to parameter of type 'SqlClient'.
  The types returned by 'query(...)' are incompatible between these types.
    Type 'Promise<unknown>' is not assignable to type 'Promise<Record<string, unknown>[]>'.
      Type 'unknown' is not assignable to type 'Record<string, unknown>[]'.
app/api/sessions/[sessionId]/route.ts(61,41): error TS2345: Argument of type 'SqlClient' is not assignable to parameter of type 'SqlClient'.
  The types returned by 'query(...)' are incompatible between these types.
    Type 'Promise<unknown>' is not assignable to type 'Promise<Record<string, unknown>[]>'.
      Type 'unknown' is not assignable to type 'Record<string, unknown>[]'.
app/api/sessions/route.ts(21,41): error TS2345: Argument of type 'SqlClient' is not assignable to parameter of type 'SqlClient'.
  The types returned by 'query(...)' are incompatible between these types.
    Type 'Promise<unknown>' is not assignable to type 'Promise<Record<string, unknown>[]>'.
      Type 'unknown' is not assignable to type 'Record<string, unknown>[]'.
app/api/sessions/route.ts(42,41): error TS2345: Argument of type 'SqlClient' is not assignable to parameter of type 'SqlClient'.
  The types returned by 'query(...)' are incompatible between these types.
    Type 'Promise<unknown>' is not assignable to type 'Promise<Record<string, unknown>[]>'.
      Type 'unknown' is not assignable to type 'Record<string, unknown>[]'.
app/api/settings/route.ts(25,31): error TS2345: Argument of type 'SqlClient' is not assignable to parameter of type 'SqlTag'.
  The types returned by 'query(...)' are incompatible between these types.
    Type 'Promise<unknown>' is not assignable to type 'Promise<Record<string, unknown>[]>'.
      Type 'unknown' is not assignable to type 'Record<string, unknown>[]'.
app/api/settings/route.ts(33,40): error TS2345: Argument of type 'SqlClient' is not assignable to parameter of type 'SqlTag'.
  The types returned by 'query(...)' are incompatible between these types.
    Type 'Promise<unknown>' is not assignable to type 'Promise<Record<string, unknown>[]>'.
      Type 'unknown' is not assignable to type 'Record<string, unknown>[]'.
app/api/settings/route.ts(88,31): error TS2345: Argument of type 'SqlClient' is not assignable to parameter of type 'SqlTag'.
  The types returned by 'query(...)' are incompatible between these types.
    Type 'Promise<unknown>' is not assignable to type 'Promise<Record<string, unknown>[]>'.
      Type 'unknown' is not assignable to type 'Record<string, unknown>[]'.
app/api/settings/route.ts(118,25): error TS2345: Argument of type 'SqlClient' is not assignable to parameter of type 'SqlTag'.
  The types returned by 'query(...)' are incompatible between these types.
    Type 'Promise<unknown>' is not assignable to type 'Promise<Record<string, unknown>[]>'.
      Type 'unknown' is not assignable to type 'Record<string, unknown>[]'.
app/api/settings/route.ts(124,8): error TS2345: Argument of type 'SqlClient' is not assignable to parameter of type 'SqlTag'.
  The types returned by 'query(...)' are incompatible between these types.
    Type 'Promise<unknown>' is not assignable to type 'Promise<Record<string, unknown>[]>'.
      Type 'unknown' is not assignable to type 'Record<string, unknown>[]'.
app/api/settings/route.ts(140,31): error TS2345: Argument of type 'SqlClient' is not assignable to parameter of type 'SqlTag'.
  The types returned by 'query(...)' are incompatible between these types.
    Type 'Promise<unknown>' is not assignable to type 'Promise<Record<string, unknown>[]>'.
      Type 'unknown' is not assignable to type 'Record<string, unknown>[]'.
app/api/settings/route.ts(151,25): error TS2345: Argument of type 'SqlClient' is not assignable to parameter of type 'SqlTag'.
  The types returned by 'query(...)' are incompatible between these types.
    Type 'Promise<unknown>' is not assignable to type 'Promise<Record<string, unknown>[]>'.
      Type 'unknown' is not assignable to type 'Record<string, unknown>[]'.
app/api/settings/route.ts(157,8): error TS2345: Argument of type 'SqlClient' is not assignable to parameter of type 'SqlTag'.
  The types returned by 'query(...)' are incompatible between these types.
    Type 'Promise<unknown>' is not assignable to type 'Promise<Record<string, unknown>[]>'.
      Type 'unknown' is not assignable to type 'Record<string, unknown>[]'.
app/api/setup/ping/route.ts(75,44): error TS2345: Argument of type 'SqlClient' is not assignable to parameter of type 'SqlTag'.
  The types returned by 'query(...)' are incompatible between these types.
    Type 'Promise<unknown>' is not assignable to type 'Promise<Record<string, unknown>[]>'.
      Type 'unknown' is not assignable to type 'Record<string, unknown>[]'.
app/api/signals/route.ts(23,72): error TS2345: Argument of type 'SqlClient' is not assignable to parameter of type 'SqlClient'.
  The types returned by 'query(...)' are incompatible between these types.
    Type 'Promise<unknown>' is not assignable to type 'Promise<Record<string, unknown>[]>'.
      Type 'unknown' is not assignable to type 'Record<string, unknown>[]'.
app/api/skills/scan/route.ts(23,40): error TS2345: Argument of type 'SqlClient' is not assignable to parameter of type 'SqlTag'.
  The types returned by 'query(...)' are incompatible between these types.
    Type 'Promise<unknown>' is not assignable to type 'Promise<Record<string, unknown>[]>'.
      Type 'unknown' is not assignable to type 'Record<string, unknown>[]'.
app/api/skills/scan/route.ts(36,37): error TS2345: Argument of type 'SqlClient' is not assignable to parameter of type 'SqlTag'.
  The types returned by 'query(...)' are incompatible between these types.
    Type 'Promise<unknown>' is not assignable to type 'Promise<Record<string, unknown>[]>'.
      Type 'unknown' is not assignable to type 'Record<string, unknown>[]'.
app/api/skills/scans/[id]/route.ts(16,35): error TS2345: Argument of type 'SqlClient' is not assignable to parameter of type 'SqlTag'.
  The types returned by 'query(...)' are incompatible between these types.
    Type 'Promise<unknown>' is not assignable to type 'Promise<Record<string, unknown>[]>'.
      Type 'unknown' is not assignable to type 'Record<string, unknown>[]'.
app/api/swarm/graph/route.ts(27,48): error TS2345: Argument of type 'SqlClient' is not assignable to parameter of type 'SqlClient'.
  The types returned by 'query(...)' are incompatible between these types.
    Type 'Promise<unknown>' is not assignable to type 'Promise<Record<string, unknown>[]>'.
      Type 'unknown' is not assignable to type 'Record<string, unknown>[]'.
app/api/swarm/graph/route.ts(28,32): error TS18046: 'swarmAgents' is of type 'unknown'.
app/api/swarm/graph/route.ts(31,12): error TS2488: Type 'unknown' must have a '[Symbol.iterator]()' method that returns an iterator.
app/api/swarm/graph/route.ts(35,48): error TS2345: Argument of type 'SqlClient' is not assignable to parameter of type 'SqlClient'.
  The types returned by 'query(...)' are incompatible between these types.
    Type 'Promise<unknown>' is not assignable to type 'Promise<Record<string, unknown>[]>'.
      Type 'unknown' is not assignable to type 'Record<string, unknown>[]'.
app/api/swarm/graph/route.ts(74,124): error TS18046: 'agentStats' is of type 'unknown'.
app/api/swarm/graph/route.ts(88,19): error TS18046: 'rawLinks' is of type 'unknown'.
app/api/swarm/link/route.ts(30,57): error TS2345: Argument of type 'SqlClient' is not assignable to parameter of type 'SqlTag'.
  The types returned by 'query(...)' are incompatible between these types.
    Type 'Promise<unknown>' is not assignable to type 'Promise<Record<string, unknown>[]>'.
      Type 'unknown' is not assignable to type 'Record<string, unknown>[]'.
app/api/swarm/link/route.ts(47,24): error TS2345: Argument of type 'SqlClient' is not assignable to parameter of type 'SqlTag'.
  The types returned by 'query(...)' are incompatible between these types.
    Type 'Promise<unknown>' is not assignable to type 'Promise<Record<string, unknown>[]>'.
      Type 'unknown' is not assignable to type 'Record<string, unknown>[]'.
app/api/swarm/link/route.ts(48,28): error TS2345: Argument of type 'SqlClient' is not assignable to parameter of type 'SqlTag'.
  The types returned by 'query(...)' are incompatible between these types.
    Type 'Promise<unknown>' is not assignable to type 'Promise<Record<string, unknown>[]>'.
      Type 'unknown' is not assignable to type 'Record<string, unknown>[]'.
app/api/team/[userId]/route.ts(43,9): error TS18046: 'targetUser' is of type 'unknown'.
app/api/team/[userId]/route.ts(48,9): error TS18046: 'targetUser' is of type 'unknown'.
app/api/team/[userId]/route.ts(52,20): error TS18046: 'adminCount' is of type 'unknown'.
app/api/team/[userId]/route.ts(67,28): error TS18046: 'targetUser' is of type 'unknown'.
app/api/team/[userId]/route.ts(68,8): error TS2345: Argument of type 'SqlClient' is not assignable to parameter of type 'SqlTag'.
  The types returned by 'query(...)' are incompatible between these types.
    Type 'Promise<unknown>' is not assignable to type 'Promise<Record<string, unknown>[]>'.
      Type 'unknown' is not assignable to type 'Record<string, unknown>[]'.
app/api/team/[userId]/route.ts(136,9): error TS18046: 'result' is of type 'unknown'.
app/api/team/[userId]/route.ts(141,11): error TS18046: 'targetUser' is of type 'unknown'.
app/api/team/[userId]/route.ts(152,38): error TS2345: Argument of type 'SqlClient' is not assignable to parameter of type 'SqlTag'.
  Type 'unknown' is not assignable to type 'Promise<Record<string, unknown>[]>'.
app/api/team/[userId]/route.ts(159,8): error TS2345: Argument of type 'SqlClient' is not assignable to parameter of type 'SqlTag'.
  The types returned by 'query(...)' are incompatible between these types.
    Type 'Promise<unknown>' is not assignable to type 'Promise<Record<string, unknown>[]>'.
      Type 'unknown' is not assignable to type 'Record<string, unknown>[]'.
app/api/team/invite/route.ts(42,30): error TS2345: Argument of type 'SqlClient' is not assignable to parameter of type 'SqlTag'.
  The types returned by 'query(...)' are incompatible between these types.
    Type 'Promise<unknown>' is not assignable to type 'Promise<Record<string, unknown>[]>'.
      Type 'unknown' is not assignable to type 'Record<string, unknown>[]'.
app/api/team/invite/route.ts(45,42): error TS2345: Argument of type 'SqlClient' is not assignable to parameter of type 'SqlTag'.
  Type 'unknown' is not assignable to type 'Promise<Record<string, unknown>[]>'.
app/api/team/invite/route.ts(46,71): error TS2345: Argument of type 'SqlClient' is not assignable to parameter of type 'SqlTag'.
  Type 'unknown' is not assignable to type 'Promise<Record<string, unknown>[]>'.
app/api/team/invite/route.ts(54,39): error TS2345: Argument of type 'SqlClient' is not assignable to parameter of type 'SqlTag'.
  The types returned by 'query(...)' are incompatible between these types.
    Type 'Promise<unknown>' is not assignable to type 'Promise<Record<string, unknown>[]>'.
      Type 'unknown' is not assignable to type 'Record<string, unknown>[]'.
app/api/team/invite/route.ts(67,8): error TS2345: Argument of type 'SqlClient' is not assignable to parameter of type 'SqlTag'.
  The types returned by 'query(...)' are incompatible between these types.
    Type 'Promise<unknown>' is not assignable to type 'Promise<Record<string, unknown>[]>'.
      Type 'unknown' is not assignable to type 'Record<string, unknown>[]'.
app/api/team/invite/route.ts(90,30): error TS2345: Argument of type 'SqlClient' is not assignable to parameter of type 'SqlTag'.
  The types returned by 'query(...)' are incompatible between these types.
    Type 'Promise<unknown>' is not assignable to type 'Promise<Record<string, unknown>[]>'.
      Type 'unknown' is not assignable to type 'Record<string, unknown>[]'.
app/api/team/invite/route.ts(92,46): error TS2345: Argument of type 'SqlClient' is not assignable to parameter of type 'SqlTag'.
  The types returned by 'query(...)' are incompatible between these types.
    Type 'Promise<unknown>' is not assignable to type 'Promise<Record<string, unknown>[]>'.
      Type 'unknown' is not assignable to type 'Record<string, unknown>[]'.
app/api/team/invite/route.ts(112,30): error TS2345: Argument of type 'SqlClient' is not assignable to parameter of type 'SqlTag'.
  The types returned by 'query(...)' are incompatible between these types.
    Type 'Promise<unknown>' is not assignable to type 'Promise<Record<string, unknown>[]>'.
      Type 'unknown' is not assignable to type 'Record<string, unknown>[]'.
app/api/team/invite/route.ts(114,39): error TS2345: Argument of type 'SqlClient' is not assignable to parameter of type 'SqlTag'.
  The types returned by 'query(...)' are incompatible between these types.
    Type 'Promise<unknown>' is not assignable to type 'Promise<Record<string, unknown>[]>'.
      Type 'unknown' is not assignable to type 'Record<string, unknown>[]'.
app/api/team/invite/route.ts(119,8): error TS2345: Argument of type 'SqlClient' is not assignable to parameter of type 'SqlTag'.
  The types returned by 'query(...)' are incompatible between these types.
    Type 'Promise<unknown>' is not assignable to type 'Promise<Record<string, unknown>[]>'.
      Type 'unknown' is not assignable to type 'Record<string, unknown>[]'.
app/api/team/route.ts(17,57): error TS2345: Argument of type 'SqlClient' is not assignable to parameter of type 'SqlTag'.
  The types returned by 'query(...)' are incompatible between these types.
    Type 'Promise<unknown>' is not assignable to type 'Promise<Record<string, unknown>[]>'.
      Type 'unknown' is not assignable to type 'Record<string, unknown>[]'.
app/api/telegram/webhook/route.ts(123,41): error TS2345: Argument of type 'SqlClient' is not assignable to parameter of type 'SqlClient'.
  The types returned by 'query(...)' are incompatible between these types.
    Type 'Promise<unknown>' is not assignable to type 'Promise<Row[]>'.
      Type 'unknown' is not assignable to type 'Row[]'.
app/api/telegram/webhook/route.ts(141,38): error TS2345: Argument of type 'SqlClient' is not assignable to parameter of type 'SqlClient'.
  The types returned by 'query(...)' are incompatible between these types.
    Type 'Promise<unknown>' is not assignable to type 'Promise<Row[]>'.
      Type 'unknown' is not assignable to type 'Row[]'.
app/api/telegram/webhook/route.ts(168,36): error TS2345: Argument of type 'SqlClient' is not assignable to parameter of type 'SqlClient'.
  The types returned by 'query(...)' are incompatible between these types.
    Type 'Promise<unknown>' is not assignable to type 'Promise<Row[]>'.
      Type 'unknown' is not assignable to type 'Row[]'.
app/api/usage/costs/route.ts(63,23): error TS18046: 'breakdown' is of type 'unknown'.
app/api/usage/costs/route.ts(72,35): error TS18046: 'totals' is of type 'unknown'.
app/api/usage/costs/route.ts(73,22): error TS18046: 'totals' is of type 'unknown'.
app/api/usage/costs/route.ts(75,14): error TS18046: 'daily' is of type 'unknown'.
app/api/usage/route.ts(33,9): error TS18046: 'rows' is of type 'unknown'.
app/api/usage/route.ts(42,17): error TS18046: 'rows' is of type 'unknown'.
app/api/usage/route.ts(45,41): error TS2345: Argument of type 'SqlClient' is not assignable to parameter of type 'SqlTag'.
  Type 'unknown' is not assignable to type 'Promise<Record<string, unknown>[]>'.
app/api/webhooks/[webhookId]/deliveries/route.ts(24,9): error TS18046: 'whRows' is of type 'unknown'.
app/api/webhooks/[webhookId]/test/route.ts(29,9): error TS18046: 'rows' is of type 'unknown'.
app/api/webhooks/[webhookId]/test/route.ts(33,16): error TS18046: 'rows' is of type 'unknown'.
app/api/webhooks/[webhookId]/test/route.ts(54,7): error TS2719: Type 'SqlClient' is not assignable to type 'SqlClient'. Two different types with this name exist, but they are unrelated.
  Type 'unknown' is not assignable to type 'Promise<Record<string, unknown>[]>'.
app/api/webhooks/[webhookId]/test/route.ts(61,8): error TS2345: Argument of type 'SqlClient' is not assignable to parameter of type 'SqlTag'.
  The types returned by 'query(...)' are incompatible between these types.
    Type 'Promise<unknown>' is not assignable to type 'Promise<Record<string, unknown>[]>'.
      Type 'unknown' is not assignable to type 'Record<string, unknown>[]'.
app/api/webhooks/route.ts(32,20): error TS18046: 'webhooks' is of type 'unknown'.
app/api/webhooks/route.ts(86,8): error TS2345: Argument of type 'SqlClient' is not assignable to parameter of type 'SqlTag'.
  The types returned by 'query(...)' are incompatible between these types.
    Type 'Promise<unknown>' is not assignable to type 'Promise<Record<string, unknown>[]>'.
      Type 'unknown' is not assignable to type 'Record<string, unknown>[]'.
app/api/webhooks/route.ts(117,9): error TS18046: 'existing' is of type 'unknown'.
app/api/webhooks/route.ts(126,8): error TS2345: Argument of type 'SqlClient' is not assignable to parameter of type 'SqlTag'.
  The types returned by 'query(...)' are incompatible between these types.
    Type 'Promise<unknown>' is not assignable to type 'Promise<Record<string, unknown>[]>'.
      Type 'unknown' is not assignable to type 'Record<string, unknown>[]'.
app/api/workflows/draft/route.ts(265,27): error TS2345: Argument of type 'SqlClient' is not assignable to parameter of type 'SqlTag'.
  The types returned by 'query(...)' are incompatible between these types.
    Type 'Promise<unknown>' is not assignable to type 'Promise<Record<string, unknown>[]>'.
      Type 'unknown' is not assignable to type 'Record<string, unknown>[]'.
app/api/workflows/draft/route.ts(266,25): error TS2345: Argument of type 'SqlClient' is not assignable to parameter of type 'SqlTag'.
  The types returned by 'query(...)' are incompatible between these types.
    Type 'Promise<unknown>' is not assignable to type 'Promise<Record<string, unknown>[]>'.
      Type 'unknown' is not assignable to type 'Record<string, unknown>[]'.
app/api/workflows/draft/route.ts(267,23): error TS2345: Argument of type 'SqlClient' is not assignable to parameter of type 'SqlTag'.
  The types returned by 'query(...)' are incompatible between these types.
    Type 'Promise<unknown>' is not assignable to type 'Promise<Record<string, unknown>[]>'.
      Type 'unknown' is not assignable to type 'Record<string, unknown>[]'.
app/api/workflows/draft/route.ts(268,24): error TS2345: Argument of type 'SqlClient' is not assignable to parameter of type 'SqlTag'.
  The types returned by 'query(...)' are incompatible between these types.
    Type 'Promise<unknown>' is not assignable to type 'Promise<Record<string, unknown>[]>'.
      Type 'unknown' is not assignable to type 'Record<string, unknown>[]'.
app/api/workflows/templates/[templateId]/duplicate/route.ts(24,55): error TS2345: Argument of type 'SqlClient' is not assignable to parameter of type 'SqlTag'.
  The types returned by 'query(...)' are incompatible between these types.
    Type 'Promise<unknown>' is not assignable to type 'Promise<Record<string, unknown>[]>'.
      Type 'unknown' is not assignable to type 'Record<string, unknown>[]'.
app/api/workflows/templates/[templateId]/execute/route.ts(34,48): error TS2345: Argument of type 'SqlClient' is not assignable to parameter of type 'SqlTag'.
  The types returned by 'query(...)' are incompatible between these types.
    Type 'Promise<unknown>' is not assignable to type 'Promise<Record<string, unknown>[]>'.
      Type 'unknown' is not assignable to type 'Record<string, unknown>[]'.
app/api/workflows/templates/[templateId]/execute/route.ts(66,7): error TS2345: Argument of type 'SqlClient' is not assignable to parameter of type 'GuardSql'.
  The types returned by 'query(...)' are incompatible between these types.
    Type 'Promise<unknown>' is not assignable to type 'Promise<Record<string, unknown>[]>'.
      Type 'unknown' is not assignable to type 'Record<string, unknown>[]'.
app/api/workflows/templates/[templateId]/execute/route.ts(99,39): error TS2345: Argument of type 'SqlClient' is not assignable to parameter of type 'SqlClient'.
  The types returned by 'query(...)' are incompatible between these types.
    Type 'Promise<unknown>' is not assignable to type 'Promise<Row[]>'.
      Type 'unknown' is not assignable to type 'Row[]'.
app/api/workflows/templates/[templateId]/execute/route.ts(128,54): error TS2345: Argument of type 'SqlClient' is not assignable to parameter of type 'SqlClient'.
  The types returned by 'query(...)' are incompatible between these types.
    Type 'Promise<unknown>' is not assignable to type 'Promise<Row[]>'.
      Type 'unknown' is not assignable to type 'Row[]'.
app/api/workflows/templates/[templateId]/execute/route.ts(139,28): error TS2345: Argument of type 'object' is not assignable to parameter of type 'CreatedAction'.
  Index signature for type 'string' is missing in type '{}'.
app/api/workflows/templates/[templateId]/execute/route.ts(153,42): error TS2345: Argument of type 'SqlClient' is not assignable to parameter of type 'SqlTag'.
  Type 'unknown' is not assignable to type 'Promise<Record<string, unknown>[]>'.
app/api/workflows/templates/[templateId]/execute/route.ts(154,78): error TS2345: Argument of type 'SqlClient' is not assignable to parameter of type 'SqlTag'.
  Type 'unknown' is not assignable to type 'Promise<Record<string, unknown>[]>'.
app/api/workflows/templates/[templateId]/execute/route.ts(174,47): error TS2345: Argument of type 'SqlClient' is not assignable to parameter of type 'SqlTag'.
  The types returned by 'query(...)' are incompatible between these types.
    Type 'Promise<unknown>' is not assignable to type 'Promise<Record<string, unknown>[]>'.
      Type 'unknown' is not assignable to type 'Record<string, unknown>[]'.
app/api/workflows/templates/[templateId]/execute/route.ts(181,30): error TS2345: Argument of type 'SqlClient' is not assignable to parameter of type 'SqlClient'.
  The types returned by 'query(...)' are incompatible between these types.
    Type 'Promise<unknown>' is not assignable to type 'Promise<Row[]>'.
      Type 'unknown' is not assignable to type 'Row[]'.
app/api/workflows/templates/[templateId]/execute/route.ts(195,32): error TS2345: Argument of type 'SqlClient' is not assignable to parameter of type 'SqlTag'.
  The types returned by 'query(...)' are incompatible between these types.
    Type 'Promise<unknown>' is not assignable to type 'Promise<Record<string, unknown>[]>'.
      Type 'unknown' is not assignable to type 'Record<string, unknown>[]'.
app/api/workflows/templates/[templateId]/execute/route.ts(203,32): error TS2345: Argument of type 'SqlClient' is not assignable to parameter of type 'SqlTag'.
  The types returned by 'query(...)' are incompatible between these types.
    Type 'Promise<unknown>' is not assignable to type 'Promise<Record<string, unknown>[]>'.
      Type 'unknown' is not assignable to type 'Record<string, unknown>[]'.
app/api/workflows/templates/[templateId]/execute/route.ts(211,32): error TS2345: Argument of type 'SqlClient' is not assignable to parameter of type 'SqlTag'.
  The types returned by 'query(...)' are incompatible between these types.
    Type 'Promise<unknown>' is not assignable to type 'Promise<Record<string, unknown>[]>'.
      Type 'unknown' is not assignable to type 'Record<string, unknown>[]'.
app/api/workflows/templates/[templateId]/execute/route.ts(234,9): error TS2345: Argument of type 'SqlClient' is not assignable to parameter of type 'SqlClient'.
  The types returned by 'query(...)' are incompatible between these types.
    Type 'Promise<unknown>' is not assignable to type 'Promise<Record<string, unknown>[]>'.
      Type 'unknown' is not assignable to type 'Record<string, unknown>[]'.
app/api/workflows/templates/[templateId]/execute/route.ts(244,35): error TS2345: Argument of type 'SqlClient' is not assignable to parameter of type 'SqlClient'.
  The types returned by 'query(...)' are incompatible between these types.
    Type 'Promise<unknown>' is not assignable to type 'Promise<Row[]>'.
      Type 'unknown' is not assignable to type 'Row[]'.
app/api/workflows/templates/[templateId]/execute/route.ts(271,31): error TS2345: Argument of type 'SqlClient' is not assignable to parameter of type 'SqlClient'.
  The types returned by 'query(...)' are incompatible between these types.
    Type 'Promise<unknown>' is not assignable to type 'Promise<Row[]>'.
      Type 'unknown' is not assignable to type 'Row[]'.
app/api/workflows/templates/[templateId]/execute/route.ts(281,52): error TS2345: Argument of type 'SqlClient' is not assignable to parameter of type 'SqlTag'.
  Type 'unknown' is not assignable to type 'Promise<Record<string, unknown>[]>'.
app/api/workflows/templates/[templateId]/execute/route.ts(282,49): error TS2345: Argument of type 'SqlClient' is not assignable to parameter of type 'SqlTag'.
  Type 'unknown' is not assignable to type 'Promise<Record<string, unknown>[]>'.
app/api/workflows/templates/[templateId]/launch/route.ts(27,48): error TS2345: Argument of type 'SqlClient' is not assignable to parameter of type 'SqlTag'.
  The types returned by 'query(...)' are incompatible between these types.
    Type 'Promise<unknown>' is not assignable to type 'Promise<Record<string, unknown>[]>'.
      Type 'unknown' is not assignable to type 'Record<string, unknown>[]'.
app/api/workflows/templates/[templateId]/launch/route.ts(36,49): error TS2345: Argument of type 'SqlClient' is not assignable to parameter of type 'SqlTag'.
  The types returned by 'query(...)' are incompatible between these types.
    Type 'Promise<unknown>' is not assignable to type 'Promise<Record<string, unknown>[]>'.
      Type 'unknown' is not assignable to type 'Record<string, unknown>[]'.
app/api/workflows/templates/[templateId]/launch/route.ts(49,49): error TS2345: Argument of type 'SqlClient' is not assignable to parameter of type 'SqlTag'.
  The types returned by 'query(...)' are incompatible between these types.
    Type 'Promise<unknown>' is not assignable to type 'Promise<Record<string, unknown>[]>'.
      Type 'unknown' is not assignable to type 'Record<string, unknown>[]'.
app/api/workflows/templates/[templateId]/route.ts(20,48): error TS2345: Argument of type 'SqlClient' is not assignable to parameter of type 'SqlTag'.
  The types returned by 'query(...)' are incompatible between these types.
    Type 'Promise<unknown>' is not assignable to type 'Promise<Record<string, unknown>[]>'.
      Type 'unknown' is not assignable to type 'Record<string, unknown>[]'.
app/api/workflows/templates/[templateId]/route.ts(45,50): error TS2345: Argument of type 'SqlClient' is not assignable to parameter of type 'SqlTag'.
  The types returned by 'query(...)' are incompatible between these types.
    Type 'Promise<unknown>' is not assignable to type 'Promise<Record<string, unknown>[]>'.
      Type 'unknown' is not assignable to type 'Record<string, unknown>[]'.
app/api/workflows/templates/[templateId]/route.ts(66,50): error TS2345: Argument of type 'SqlClient' is not assignable to parameter of type 'SqlTag'.
  The types returned by 'query(...)' are incompatible between these types.
    Type 'Promise<unknown>' is not assignable to type 'Promise<Record<string, unknown>[]>'.
      Type 'unknown' is not assignable to type 'Record<string, unknown>[]'.
app/api/workflows/templates/[templateId]/runs/[runActionId]/cancel/route.ts(15,44): error TS2345: Argument of type 'SqlClient' is not assignable to parameter of type 'SqlTag'.
  The types returned by 'query(...)' are incompatible between these types.
    Type 'Promise<unknown>' is not assignable to type 'Promise<Record<string, unknown>[]>'.
      Type 'unknown' is not assignable to type 'Record<string, unknown>[]'.
app/api/workflows/templates/[templateId]/runs/[runActionId]/resume/route.ts(32,46): error TS2345: Argument of type 'SqlClient' is not assignable to parameter of type 'SqlTag'.
  The types returned by 'query(...)' are incompatible between these types.
    Type 'Promise<unknown>' is not assignable to type 'Promise<Record<string, unknown>[]>'.
      Type 'unknown' is not assignable to type 'Record<string, unknown>[]'.
app/api/workflows/templates/[templateId]/runs/[runActionId]/resume/route.ts(45,48): error TS2345: Argument of type 'SqlClient' is not assignable to parameter of type 'SqlTag'.
  The types returned by 'query(...)' are incompatible between these types.
    Type 'Promise<unknown>' is not assignable to type 'Promise<Record<string, unknown>[]>'.
      Type 'unknown' is not assignable to type 'Record<string, unknown>[]'.
app/api/workflows/templates/[templateId]/runs/[runActionId]/resume/route.ts(81,7): error TS2345: Argument of type 'SqlClient' is not assignable to parameter of type 'GuardSql'.
  The types returned by 'query(...)' are incompatible between these types.
    Type 'Promise<unknown>' is not assignable to type 'Promise<Record<string, unknown>[]>'.
      Type 'unknown' is not assignable to type 'Record<string, unknown>[]'.
app/api/workflows/templates/[templateId]/runs/[runActionId]/resume/route.ts(100,30): error TS2345: Argument of type 'SqlClient' is not assignable to parameter of type 'SqlClient'.
  The types returned by 'query(...)' are incompatible between these types.
    Type 'Promise<unknown>' is not assignable to type 'Promise<Row[]>'.
      Type 'unknown' is not assignable to type 'Row[]'.
app/api/workflows/templates/[templateId]/runs/[runActionId]/resume/route.ts(125,32): error TS2345: Argument of type 'SqlClient' is not assignable to parameter of type 'SqlTag'.
  The types returned by 'query(...)' are incompatible between these types.
    Type 'Promise<unknown>' is not assignable to type 'Promise<Record<string, unknown>[]>'.
      Type 'unknown' is not assignable to type 'Record<string, unknown>[]'.
app/api/workflows/templates/[templateId]/runs/[runActionId]/resume/route.ts(133,32): error TS2345: Argument of type 'SqlClient' is not assignable to parameter of type 'SqlTag'.
  The types returned by 'query(...)' are incompatible between these types.
    Type 'Promise<unknown>' is not assignable to type 'Promise<Record<string, unknown>[]>'.
      Type 'unknown' is not assignable to type 'Record<string, unknown>[]'.
app/api/workflows/templates/[templateId]/runs/[runActionId]/resume/route.ts(141,32): error TS2345: Argument of type 'SqlClient' is not assignable to parameter of type 'SqlTag'.
  The types returned by 'query(...)' are incompatible between these types.
    Type 'Promise<unknown>' is not assignable to type 'Promise<Record<string, unknown>[]>'.
      Type 'unknown' is not assignable to type 'Record<string, unknown>[]'.
app/api/workflows/templates/[templateId]/runs/[runActionId]/resume/route.ts(158,32): error TS2345: Argument of type 'SqlClient' is not assignable to parameter of type 'SqlTag'.
  The types returned by 'query(...)' are incompatible between these types.
    Type 'Promise<unknown>' is not assignable to type 'Promise<Record<string, unknown>[]>'.
      Type 'unknown' is not assignable to type 'Record<string, unknown>[]'.
app/api/workflows/templates/[templateId]/runs/[runActionId]/resume/route.ts(165,32): error TS2345: Argument of type 'SqlClient' is not assignable to parameter of type 'SqlTag'.
  The types returned by 'query(...)' are incompatible between these types.
    Type 'Promise<unknown>' is not assignable to type 'Promise<Record<string, unknown>[]>'.
      Type 'unknown' is not assignable to type 'Record<string, unknown>[]'.
app/api/workflows/templates/[templateId]/runs/[runActionId]/resume/route.ts(182,9): error TS2345: Argument of type 'SqlClient' is not assignable to parameter of type 'SqlClient'.
  The types returned by 'query(...)' are incompatible between these types.
    Type 'Promise<unknown>' is not assignable to type 'Promise<Record<string, unknown>[]>'.
      Type 'unknown' is not assignable to type 'Record<string, unknown>[]'.
app/api/workflows/templates/[templateId]/runs/[runActionId]/resume/route.ts(196,35): error TS2345: Argument of type 'SqlClient' is not assignable to parameter of type 'SqlClient'.
  The types returned by 'query(...)' are incompatible between these types.
    Type 'Promise<unknown>' is not assignable to type 'Promise<Row[]>'.
      Type 'unknown' is not assignable to type 'Row[]'.
app/api/workflows/templates/[templateId]/runs/[runActionId]/resume/route.ts(211,31): error TS2345: Argument of type 'SqlClient' is not assignable to parameter of type 'SqlClient'.
  The types returned by 'query(...)' are incompatible between these types.
    Type 'Promise<unknown>' is not assignable to type 'Promise<Row[]>'.
      Type 'unknown' is not assignable to type 'Row[]'.
app/api/workflows/templates/[templateId]/runs/[runActionId]/route.ts(15,38): error TS2345: Argument of type 'SqlClient' is not assignable to parameter of type 'SqlTag'.
  The types returned by 'query(...)' are incompatible between these types.
    Type 'Promise<unknown>' is not assignable to type 'Promise<Record<string, unknown>[]>'.
      Type 'unknown' is not assignable to type 'Record<string, unknown>[]'.
app/api/workflows/templates/[templateId]/runs/route.ts(23,43): error TS2345: Argument of type 'SqlClient' is not assignable to parameter of type 'SqlTag'.
  The types returned by 'query(...)' are incompatible between these types.
    Type 'Promise<unknown>' is not assignable to type 'Promise<Record<string, unknown>[]>'.
      Type 'unknown' is not assignable to type 'Record<string, unknown>[]'.
app/api/workflows/templates/route.ts(23,51): error TS2345: Argument of type 'SqlClient' is not assignable to parameter of type 'SqlTag'.
  The types returned by 'query(...)' are incompatible between these types.
    Type 'Promise<unknown>' is not assignable to type 'Promise<Record<string, unknown>[]>'.
      Type 'unknown' is not assignable to type 'Record<string, unknown>[]'.
app/api/workflows/templates/route.ts(45,51): error TS2345: Argument of type 'SqlClient' is not assignable to parameter of type 'SqlTag'.
  The types returned by 'query(...)' are incompatible between these types.
    Type 'Promise<unknown>' is not assignable to type 'Promise<Record<string, unknown>[]>'.
      Type 'unknown' is not assignable to type 'Record<string, unknown>[]'.
app/api/x402/providers/[id]/endpoints/route.ts(18,43): error TS2345: Argument of type 'SqlClient' is not assignable to parameter of type 'SqlTag'.
  The types returned by 'query(...)' are incompatible between these types.
    Type 'Promise<unknown>' is not assignable to type 'Promise<Record<string, unknown>[]>'.
      Type 'unknown' is not assignable to type 'Record<string, unknown>[]'.
app/api/x402/providers/[id]/endpoints/route.ts(36,40): error TS2345: Argument of type 'SqlClient' is not assignable to parameter of type 'SqlTag'.
  The types returned by 'query(...)' are incompatible between these types.
    Type 'Promise<unknown>' is not assignable to type 'Promise<Record<string, unknown>[]>'.
      Type 'unknown' is not assignable to type 'Record<string, unknown>[]'.
app/api/x402/providers/[id]/endpoints/route.ts(38,43): error TS2345: Argument of type 'SqlClient' is not assignable to parameter of type 'SqlTag'.
  The types returned by 'query(...)' are incompatible between these types.
    Type 'Promise<unknown>' is not assignable to type 'Promise<Record<string, unknown>[]>'.
      Type 'unknown' is not assignable to type 'Record<string, unknown>[]'.
app/api/x402/providers/[id]/route.ts(18,40): error TS2345: Argument of type 'SqlClient' is not assignable to parameter of type 'SqlTag'.
  The types returned by 'query(...)' are incompatible between these types.
    Type 'Promise<unknown>' is not assignable to type 'Promise<Record<string, unknown>[]>'.
      Type 'unknown' is not assignable to type 'Record<string, unknown>[]'.
app/api/x402/providers/[id]/route.ts(20,43): error TS2345: Argument of type 'SqlClient' is not assignable to parameter of type 'SqlTag'.
  The types returned by 'query(...)' are incompatible between these types.
    Type 'Promise<unknown>' is not assignable to type 'Promise<Record<string, unknown>[]>'.
      Type 'unknown' is not assignable to type 'Record<string, unknown>[]'.
app/api/x402/providers/[id]/route.ts(34,43): error TS2345: Argument of type 'SqlClient' is not assignable to parameter of type 'SqlTag'.
  The types returned by 'query(...)' are incompatible between these types.
    Type 'Promise<unknown>' is not assignable to type 'Promise<Record<string, unknown>[]>'.
      Type 'unknown' is not assignable to type 'Record<string, unknown>[]'.
app/api/x402/providers/route.ts(16,43): error TS2345: Argument of type 'SqlClient' is not assignable to parameter of type 'SqlTag'.
  The types returned by 'query(...)' are incompatible between these types.
    Type 'Promise<unknown>' is not assignable to type 'Promise<Record<string, unknown>[]>'.
      Type 'unknown' is not assignable to type 'Record<string, unknown>[]'.
app/api/x402/providers/route.ts(30,43): error TS2345: Argument of type 'SqlClient' is not assignable to parameter of type 'SqlTag'.
  The types returned by 'query(...)' are incompatible between these types.
    Type 'Promise<unknown>' is not assignable to type 'Promise<Record<string, unknown>[]>'.
      Type 'unknown' is not assignable to type 'Record<string, unknown>[]'.
app/api/x402/purchases/route.ts(56,43): error TS2345: Argument of type 'SqlClient' is not assignable to parameter of type 'SqlTag'.
  The types returned by 'query(...)' are incompatible between these types.
    Type 'Promise<unknown>' is not assignable to type 'Promise<Record<string, unknown>[]>'.
      Type 'unknown' is not assignable to type 'Record<string, unknown>[]'.
app/api/x402/purchases/route.ts(95,39): error TS2345: Argument of type 'SqlClient' is not assignable to parameter of type 'SqlTag'.
  The types returned by 'query(...)' are incompatible between these types.
    Type 'Promise<unknown>' is not assignable to type 'Promise<Record<string, unknown>[]>'.
      Type 'unknown' is not assignable to type 'Record<string, unknown>[]'.
app/api/x402/purchases/route.ts(104,45): error TS2345: Argument of type 'SqlClient' is not assignable to parameter of type 'SqlTag'.
  The types returned by 'query(...)' are incompatible between these types.
    Type 'Promise<unknown>' is not assignable to type 'Promise<Record<string, unknown>[]>'.
      Type 'unknown' is not assignable to type 'Record<string, unknown>[]'.
app/api/x402/purchases/route.ts(118,41): error TS2345: Argument of type 'SqlClient' is not assignable to parameter of type 'SqlTag'.
  The types returned by 'query(...)' are incompatible between these types.
    Type 'Promise<unknown>' is not assignable to type 'Promise<Record<string, unknown>[]>'.
      Type 'unknown' is not assignable to type 'Record<string, unknown>[]'.
app/api/x402/purchases/route.ts(131,54): error TS2345: Argument of type 'SqlClient' is not assignable to parameter of type 'SqlTag'.
  The types returned by 'query(...)' are incompatible between these types.
    Type 'Promise<unknown>' is not assignable to type 'Promise<Record<string, unknown>[]>'.
      Type 'unknown' is not assignable to type 'Record<string, unknown>[]'.
app/api/x402/purchases/route.ts(157,68): error TS2345: Argument of type 'SqlClient' is not assignable to parameter of type 'GuardSql'.
  The types returned by 'query(...)' are incompatible between these types.
    Type 'Promise<unknown>' is not assignable to type 'Promise<Record<string, unknown>[]>'.
      Type 'unknown' is not assignable to type 'Record<string, unknown>[]'.
app/api/x402/purchases/route.ts(175,55): error TS2345: Argument of type 'SqlClient' is not assignable to parameter of type 'SqlClient'.
  The types returned by 'query(...)' are incompatible between these types.
    Type 'Promise<unknown>' is not assignable to type 'Promise<Row[]>'.
      Type 'unknown' is not assignable to type 'Row[]'.
app/api/x402/purchases/route.ts(190,45): error TS2345: Argument of type 'SqlClient' is not assignable to parameter of type 'SqlClient'.
  The types returned by 'query(...)' are incompatible between these types.
    Type 'Promise<unknown>' is not assignable to type 'Promise<Row[]>'.
      Type 'unknown' is not assignable to type 'Row[]'.
app/api/x402/purchases/route.ts(215,39): error TS2345: Argument of type 'SqlClient' is not assignable to parameter of type 'SqlTag'.
  The types returned by 'query(...)' are incompatible between these types.
    Type 'Promise<unknown>' is not assignable to type 'Promise<Record<string, unknown>[]>'.
      Type 'unknown' is not assignable to type 'Record<string, unknown>[]'.
app/api/x402/purchases/route.ts(232,32): error TS2345: Argument of type 'SqlClient' is not assignable to parameter of type 'SqlClient'.
  The types returned by 'query(...)' are incompatible between these types.
    Type 'Promise<unknown>' is not assignable to type 'Promise<Row[]>'.
      Type 'unknown' is not assignable to type 'Row[]'.
app/api/x402/purchases/route.ts(243,32): error TS2345: Argument of type 'SqlClient' is not assignable to parameter of type 'SqlClient'.
  The types returned by 'query(...)' are incompatible between these types.
    Type 'Promise<unknown>' is not assignable to type 'Promise<Row[]>'.
      Type 'unknown' is not assignable to type 'Row[]'.
app/approvals/page.tsx(190,46): error TS2345: Argument of type '(s: string) => JSX.Element' is not assignable to parameter of type '(value: unknown, index: number, array: unknown[]) => Element'.
  Types of parameters 's' and 'value' are incompatible.
    Type 'unknown' is not assignable to type 'string'.
app/code-sessions/[projectId]/[sessionId]/page.tsx(63,41): error TS2345: Argument of type 'SqlClient' is not assignable to parameter of type 'SqlTag'.
  The types returned by 'query(...)' are incompatible between these types.
    Type 'Promise<unknown>' is not assignable to type 'Promise<Record<string, unknown>[]>'.
      Type 'unknown' is not assignable to type 'Record<string, unknown>[]'.
app/code-sessions/[projectId]/[sessionId]/page.tsx(66,47): error TS2345: Argument of type 'SqlClient' is not assignable to parameter of type 'SqlTag'.
  The types returned by 'query(...)' are incompatible between these types.
    Type 'Promise<unknown>' is not assignable to type 'Promise<Record<string, unknown>[]>'.
      Type 'unknown' is not assignable to type 'Record<string, unknown>[]'.
app/code-sessions/[projectId]/page.tsx(78,18): error TS2345: Argument of type 'SqlClient' is not assignable to parameter of type 'SqlTag'.
  The types returned by 'query(...)' are incompatible between these types.
    Type 'Promise<unknown>' is not assignable to type 'Promise<Record<string, unknown>[]>'.
      Type 'unknown' is not assignable to type 'Record<string, unknown>[]'.
app/code-sessions/[projectId]/page.tsx(81,36): error TS2345: Argument of type 'SqlClient' is not assignable to parameter of type 'SqlTag'.
  The types returned by 'query(...)' are incompatible between these types.
    Type 'Promise<unknown>' is not assignable to type 'Promise<Record<string, unknown>[]>'.
      Type 'unknown' is not assignable to type 'Record<string, unknown>[]'.
app/code-sessions/[projectId]/page.tsx(82,15): error TS2345: Argument of type 'SqlClient' is not assignable to parameter of type 'SqlTag'.
  The types returned by 'query(...)' are incompatible between these types.
    Type 'Promise<unknown>' is not assignable to type 'Promise<Record<string, unknown>[]>'.
      Type 'unknown' is not assignable to type 'Record<string, unknown>[]'.
app/code-sessions/[projectId]/page.tsx(84,34): error TS2345: Argument of type 'never[] | Row[]' is not assignable to parameter of type 'AttributionRow[] | undefined'.
  Type 'Row[]' is not assignable to type 'AttributionRow[]'.
    Property 'name' is missing in type 'Row' but required in type 'AttributionRow'.
app/code-sessions/page.tsx(20,18): error TS2345: Argument of type 'SqlClient' is not assignable to parameter of type 'SqlTag'.
  The types returned by 'query(...)' are incompatible between these types.
    Type 'Promise<unknown>' is not assignable to type 'Promise<Record<string, unknown>[]>'.
      Type 'unknown' is not assignable to type 'Record<string, unknown>[]'.
app/code-sessions/page.tsx(21,23): error TS2345: Argument of type 'SqlClient' is not assignable to parameter of type 'SqlTag'.
  The types returned by 'query(...)' are incompatible between these types.
    Type 'Promise<unknown>' is not assignable to type 'Promise<Record<string, unknown>[]>'.
      Type 'unknown' is not assignable to type 'Record<string, unknown>[]'.
app/components/LiveDemo.tsx(149,29): error TS2345: Argument of type 'string' is not assignable to parameter of type 'HomepageResolution'.
app/components/MarketingPageView.ts(24,25): error TS2345: Argument of type 'string | undefined' is not assignable to parameter of type 'string'.
  Type 'undefined' is not assignable to type 'string'.
app/components/MarketingViewObserver.ts(37,33): error TS2345: Argument of type 'string | undefined' is not assignable to parameter of type 'string'.
  Type 'undefined' is not assignable to type 'string'.
app/dashboard/page.tsx(34,21): error TS2345: Argument of type 'Record<string, unknown>' is not assignable to parameter of type 'SetStateAction<NamedLayouts>'.
app/dashboard/page.tsx(59,23): error TS2345: Argument of type 'Record<string, unknown>' is not assignable to parameter of type 'SetStateAction<NamedLayouts>'.
app/dashboard/page.tsx(67,20): error TS2339: Property 'layouts' does not exist on type '{}'.
app/dashboard/page.tsx(68,29): error TS2339: Property 'layouts' does not exist on type '{}'.
app/dashboard/page.tsx(78,21): error TS2345: Argument of type 'Record<string, unknown>' is not assignable to parameter of type 'SetStateAction<NamedLayouts>'.
app/lib/actionAlerts.ts(67,42): error TS2345: Argument of type 'unknown' is not assignable to parameter of type 'SqlTag'.
app/lib/actionAlerts.ts(70,36): error TS2345: Argument of type 'unknown' is not assignable to parameter of type 'SqlTag'.
app/lib/actionAlerts.ts(78,22): error TS2339: Property 'startsWith' does not exist on type '{}'.
app/lib/actionAlerts.ts(79,5): error TS2322: Type '{}' is not assignable to type 'string'.
app/lib/agent-registry.ts(60,65): error TS2345: Argument of type 'string | null | undefined' is not assignable to parameter of type 'string'.
  Type 'undefined' is not assignable to type 'string'.
app/lib/approvalSurfaces.ts(46,5): error TS2322: Type 'unknown' is not assignable to type 'unknown[] | undefined'.
app/lib/approvalSurfaces.ts(47,5): error TS2322: Type 'unknown' is not assignable to type 'string | null | undefined'.
app/lib/auth.ts(19,5): error TS2322: Type 'string | undefined' is not assignable to type 'string'.
  Type 'undefined' is not assignable to type 'string'.
app/lib/auth.ts(20,5): error TS2322: Type 'string | undefined' is not assignable to type 'string'.
  Type 'undefined' is not assignable to type 'string'.
app/lib/auth.ts(31,5): error TS2322: Type 'string | undefined' is not assignable to type 'string'.
  Type 'undefined' is not assignable to type 'string'.
app/lib/auth.ts(32,5): error TS2322: Type 'string | undefined' is not assignable to type 'string'.
  Type 'undefined' is not assignable to type 'string'.
app/lib/auth.ts(93,13): error TS18046: 'existing' is of type 'unknown'.
app/lib/auth.ts(101,26): error TS18046: 'existing' is of type 'unknown'.
app/lib/auth.ts(121,38): error TS18046: 'countResult' is of type 'unknown'.
app/lib/auth.ts(182,15): error TS18046: 'rows' is of type 'unknown'.
app/lib/auth.ts(183,28): error TS18046: 'rows' is of type 'unknown'.
app/lib/auth.ts(184,27): error TS18046: 'rows' is of type 'unknown'.
app/lib/auth.ts(185,26): error TS18046: 'rows' is of type 'unknown'.
app/lib/auth.ts(186,26): error TS18046: 'rows' is of type 'unknown'.
app/lib/auth.ts(212,17): error TS18046: 'rows' is of type 'unknown'.
app/lib/auth.ts(213,29): error TS18046: 'rows' is of type 'unknown'.
app/lib/auth.ts(214,28): error TS18046: 'rows' is of type 'unknown'.
app/lib/auth.ts(215,28): error TS18046: 'rows' is of type 'unknown'.
app/lib/behavior/policy-model.ts(114,38): error TS2345: Argument of type 'string' is not assignable to parameter of type 'ModelTier | undefined'.
app/lib/behavior/simulate.ts(30,67): error TS2345: Argument of type 'Rule' is not assignable to parameter of type 'BehaviorRule'.
  Property 'kind' is missing in type 'Rule' but required in type 'BehaviorRule'.
app/lib/capability-health.ts(232,37): error TS2345: Argument of type 'unknown' is not assignable to parameter of type 'LegacyErrorLike | null | undefined'.
app/lib/capability-history.ts(85,37): error TS2345: Argument of type 'unknown' is not assignable to parameter of type 'LegacyErrorLike | null | undefined'.
app/lib/capability-invoke.ts(121,33): error TS2345: Argument of type 'unknown' is not assignable to parameter of type 'Record<string, unknown>'.
app/lib/capability-invoke.ts(221,29): error TS7030: Not all code paths return a value.
app/lib/capability-runtime.ts(46,36): error TS2345: Argument of type 'unknown' is not assignable to parameter of type 'SqlTag'.
app/lib/capability-runtime.ts(48,19): error TS2538: Type 'unknown' cannot be used as an index type.
app/lib/capability-runtime.ts(62,42): error TS2345: Argument of type 'unknown' is not assignable to parameter of type 'SqlTag'.
app/lib/capability-runtime.ts(74,42): error TS2339: Property 'auth' does not exist on type '{}'.
app/lib/capability-runtime.ts(74,48): error TS2345: Argument of type 'Record<string, unknown>' is not assignable to parameter of type 'Record<string, string | undefined>'.
  'string' index signatures are incompatible.
    Type 'unknown' is not assignable to type 'string | undefined'.
app/lib/capability-runtime.ts(75,46): error TS2339: Property 'endpoint' does not exist on type '{}'.
app/lib/capability-runtime.ts(79,5): error TS2322: Type '{}' is not assignable to type 'InvocationSchema'.
  Index signature for type 'string' is missing in type '{}'.
app/lib/capability-runtime.ts(97,38): error TS2345: Argument of type 'unknown' is not assignable to parameter of type 'PlainObject | null | undefined'.
app/lib/capability-runtime.ts(114,5): error TS2322: Type 'unknown' is not assignable to type 'RetryPolicy | null | undefined'.
app/lib/capability-runtime.ts(117,8): error TS18048: 'result' is possibly 'undefined'.
app/lib/capability-runtime.ts(118,5): error TS2322: Type 'AttemptResult | undefined' is not assignable to type 'CapabilityResult'.
  Type 'undefined' is not assignable to type 'CapabilityResult'.
app/lib/capability-runtime.ts(122,32): error TS18048: 'result' is possibly 'undefined'.
app/lib/capability-runtime.ts(122,45): error TS2345: Argument of type 'unknown' is not assignable to parameter of type 'PlainObject | null | undefined'.
app/lib/capability-runtime.ts(128,19): error TS18048: 'result' is possibly 'undefined'.
app/lib/capability-runtime.ts(132,3): error TS2322: Type 'AttemptResult | undefined' is not assignable to type 'CapabilityResult'.
  Type 'undefined' is not assignable to type 'CapabilityResult'.
app/lib/claude-code/goals.ts(249,23): error TS2352: Conversion of type 'RepeatedRunSignal[]' to type 'StuckLoop[]' may be a mistake because neither type sufficiently overlaps with the other. If this was intentional, convert the expression to 'unknown' first.
  Type 'RepeatedRunSignal' is not comparable to type 'StuckLoop'.
    Index signature for type 'string' is missing in type 'RepeatedRunSignal'.
app/lib/claude-code/memo.ts(103,5): error TS18049: 'acc.input_tokens' is possibly 'null' or 'undefined'.
app/lib/claude-code/memo.ts(103,5): error TS2365: Operator '+=' cannot be applied to types 'string | number' and 'number'.
app/lib/claude-code/memo.ts(104,5): error TS18049: 'acc.output_tokens' is possibly 'null' or 'undefined'.
app/lib/claude-code/memo.ts(104,5): error TS2365: Operator '+=' cannot be applied to types 'string | number' and 'number'.
app/lib/claude-code/memo.ts(105,5): error TS18049: 'acc.cache_read_tokens' is possibly 'null' or 'undefined'.
app/lib/claude-code/memo.ts(105,5): error TS2365: Operator '+=' cannot be applied to types 'string | number' and 'number'.
app/lib/claude-code/memo.ts(106,5): error TS18049: 'acc.cache_creation_tokens' is possibly 'null' or 'undefined'.
app/lib/claude-code/memo.ts(106,5): error TS2365: Operator '+=' cannot be applied to types 'string | number' and 'number'.
app/lib/claude-code/memo.ts(111,5): error TS18049: 'acc.input_tokens' is possibly 'null' or 'undefined'.
app/lib/claude-code/memo.ts(111,5): error TS2365: Operator '+=' cannot be applied to types 'string | number' and 'number'.
app/lib/claude-code/memo.ts(112,5): error TS18049: 'acc.cache_read_tokens' is possibly 'null' or 'undefined'.
app/lib/claude-code/memo.ts(112,5): error TS2365: Operator '+=' cannot be applied to types 'string | number' and 'number'.
app/lib/claude-code/memo.ts(113,5): error TS18049: 'acc.cache_creation_tokens' is possibly 'null' or 'undefined'.
app/lib/claude-code/memo.ts(113,5): error TS2365: Operator '+=' cannot be applied to types 'string | number' and 'number'.
app/lib/claude-code/memo.ts(117,36): error TS2345: Argument of type 'MemoSession' is not assignable to parameter of type '{ input_tokens?: number | undefined; cache_creation_tokens?: number | undefined; cache_read_tokens?: number | undefined; }'.
  Types of property 'input_tokens' are incompatible.
    Type 'string | number | null | undefined' is not assignable to type 'number | undefined'.
      Type 'null' is not assignable to type 'number | undefined'.
app/lib/claude-code/memo.ts(118,37): error TS2345: Argument of type 'MemoSession' is not assignable to parameter of type '{ input_tokens?: number | undefined; cache_creation_tokens?: number | undefined; cache_read_tokens?: number | undefined; }'.
  Types of property 'input_tokens' are incompatible.
    Type 'string | number | null | undefined' is not assignable to type 'number | undefined'.
      Type 'null' is not assignable to type 'number | undefined'.
app/lib/claude-code/memo.ts(127,53): error TS2345: Argument of type 'MemoFinding[]' is not assignable to parameter of type 'OptimizerFinding[]'.
  Type 'MemoFinding' is missing the following properties from type 'OptimizerFinding': severity, evidence
app/lib/claude-code/optimal-files/apply.ts(109,31): error TS2345: Argument of type 'unknown' is not assignable to parameter of type 'string | ArrayBufferView<ArrayBufferLike>'.
app/lib/claude-code/optimal-files/apply.ts(114,36): error TS2345: Argument of type 'unknown' is not assignable to parameter of type 'string | ArrayBufferLike | ArrayBufferView<ArrayBufferLike>'.
app/lib/claude-code/optimal-files/apply.ts(124,35): error TS2345: Argument of type 'string | null | undefined' is not assignable to parameter of type 'string'.
  Type 'undefined' is not assignable to type 'string'.
app/lib/claude-code/optimal-files/apply.ts(125,27): error TS2345: Argument of type 'string | null | undefined' is not assignable to parameter of type 'PathLike'.
  Type 'undefined' is not assignable to type 'PathLike'.
app/lib/claude-code/optimal-files/apply.ts(134,26): error TS2345: Argument of type 'string | null | undefined' is not assignable to parameter of type 'PathOrFileDescriptor'.
  Type 'undefined' is not assignable to type 'PathOrFileDescriptor'.
app/lib/claude-code/optimal-files/apply.ts(139,36): error TS2345: Argument of type 'unknown' is not assignable to parameter of type 'string | ArrayBufferLike | ArrayBufferView<ArrayBufferLike>'.
app/lib/claude-code/optimal-files/apply.ts(147,29): error TS2345: Argument of type 'unknown' is not assignable to parameter of type 'string | ArrayBufferView<ArrayBufferLike>'.
app/lib/claude-code/optimal-files/apply.ts(152,34): error TS2345: Argument of type 'unknown' is not assignable to parameter of type 'string | ArrayBufferLike | ArrayBufferView<ArrayBufferLike>'.
app/lib/claude-code/optimal-files/bundle.ts(94,14): error TS2345: Argument of type 'RootClaudeMdArtifact' is not assignable to parameter of type 'BundleFile'.
  Index signature for type 'string' is missing in type 'RootClaudeMdArtifact'.
app/lib/claude-code/optimal-files/bundle.ts(94,35): error TS2345: Argument of type '{ session: SessionLike; project: unknown; projectCwd: unknown; toolEvents: ToolEvent[]; reads: RankedTarget[]; edits: RankedTarget[]; writes: RankedTarget[]; ... 11 more ...; generatedAt: string; }' is not assignable to parameter of type 'RootClaudeMdAnalysis'.
  Types of property 'project' are incompatible.
    Type 'unknown' is not assignable to type '{ slug?: string | null | undefined; cwd?: string | null | undefined; } | null | undefined'.
app/lib/claude-code/optimal-files/bundle.ts(95,14): error TS2345: Argument of type 'SessionPackArtifact' is not assignable to parameter of type 'BundleFile'.
  Index signature for type 'string' is missing in type 'SessionPackArtifact'.
app/lib/claude-code/optimal-files/bundle.ts(95,34): error TS2345: Argument of type '{ session: SessionLike; project: unknown; projectCwd: unknown; toolEvents: ToolEvent[]; reads: RankedTarget[]; edits: RankedTarget[]; writes: RankedTarget[]; ... 11 more ...; generatedAt: string; }' is not assignable to parameter of type 'SessionPackAnalysis'.
  Types of property 'session' are incompatible.
    Type 'SessionLike' has no properties in common with type '{ session_uuid?: string | null | undefined; model_primary?: string | null | undefined; }'.
app/lib/claude-code/optimal-files/bundle.ts(96,37): error TS2345: Argument of type '{ session: SessionLike; project: unknown; projectCwd: unknown; toolEvents: ToolEvent[]; reads: RankedTarget[]; edits: RankedTarget[]; writes: RankedTarget[]; ... 11 more ...; generatedAt: string; }' is not assignable to parameter of type 'PathRulesAnalysis'.
  Types of property 'session' are incompatible.
    Type 'SessionLike' has no properties in common with type '{ session_uuid?: string | null | undefined; }'.
app/lib/claude-code/optimal-files/bundle.ts(96,59): error TS2345: Argument of type 'PathRuleArtifact' is not assignable to parameter of type 'BundleFile'.
  Index signature for type 'string' is missing in type 'PathRuleArtifact'.
app/lib/claude-code/optimal-files/bundle.ts(97,39): error TS2345: Argument of type '{ session: SessionLike; project: unknown; projectCwd: unknown; toolEvents: ToolEvent[]; reads: RankedTarget[]; edits: RankedTarget[]; writes: RankedTarget[]; ... 11 more ...; generatedAt: string; }' is not assignable to parameter of type 'Analysis'.
  Types of property 'session' are incompatible.
    Type 'SessionLike' has no properties in common with type '{ session_uuid?: string | undefined; }'.
app/lib/claude-code/optimal-files/bundle.ts(97,61): error TS2345: Argument of type 'HookBundleItem' is not assignable to parameter of type 'BundleFile'.
  Index signature for type 'string' is missing in type 'HookBundleItem'.
app/lib/claude-code/optimal-files/bundle.ts(98,14): error TS2345: Argument of type 'RecipeArtifact' is not assignable to parameter of type 'BundleFile'.
  Index signature for type 'string' is missing in type 'RecipeArtifact'.
app/lib/claude-code/optimal-files/bundle.ts(98,29): error TS2345: Argument of type '{ session: SessionLike; project: unknown; projectCwd: unknown; toolEvents: ToolEvent[]; reads: RankedTarget[]; edits: RankedTarget[]; writes: RankedTarget[]; ... 11 more ...; generatedAt: string; }' is not assignable to parameter of type 'RecipeAnalysis'.
  Types of property 'project' are incompatible.
    Type 'unknown' is not assignable to type '{ slug?: string | null | undefined; } | null | undefined'.
app/lib/claude-code/optimal-files/bundle.ts(99,43): error TS2345: Argument of type '{ session: SessionLike; project: unknown; projectCwd: unknown; toolEvents: ToolEvent[]; reads: RankedTarget[]; edits: RankedTarget[]; writes: RankedTarget[]; ... 11 more ...; generatedAt: string; }' is not assignable to parameter of type 'SkillsAnalysis'.
  Types of property 'session' are incompatible.
    Type 'SessionLike' has no properties in common with type '{ session_uuid?: string | null | undefined; }'.
app/lib/claude-code/optimal-files/bundle.ts(99,65): error TS2345: Argument of type 'SkillArtifact' is not assignable to parameter of type 'BundleFile'.
  Index signature for type 'string' is missing in type 'SkillArtifact'.
app/lib/claude-code/optimal-files/hooks-bundle.ts(71,11): error TS2719: Type 'GeneratedHook' is not assignable to type 'GeneratedHook'. Two different types with this name exist, but they are unrelated.
  Types of property 'install' are incompatible.
    Type 'InstallInstructions' is not assignable to type 'GeneratedInstallInfo'.
      Index signature for type 'string' is missing in type 'InstallInstructions'.
app/lib/claude-code/optimal-files/hooks-bundle.ts(98,11): error TS2719: Type 'GeneratedHook' is not assignable to type 'GeneratedHook'. Two different types with this name exist, but they are unrelated.
  Types of property 'install' are incompatible.
    Type 'InstallInstructions' is not assignable to type 'GeneratedInstallInfo'.
      Index signature for type 'string' is missing in type 'InstallInstructions'.
app/lib/claude-code/rules/cache-write-bloat.ts(55,34): error TS18048: 'p.cache_write' is possibly 'undefined'.
app/lib/compliance/exporter.ts(28,24): error TS18046: 'rows' is of type 'unknown'.
app/lib/compliance/exporter.ts(40,46): error TS2345: Argument of type 'SqlClient' is not assignable to parameter of type 'SqlTag'.
  The types returned by 'query(...)' are incompatible between these types.
    Type 'Promise<unknown>' is not assignable to type 'Promise<Record<string, unknown>[]>'.
      Type 'unknown' is not assignable to type 'Record<string, unknown>[]'.
app/lib/compliance/exporter.ts(41,39): error TS2345: Argument of type 'Record<string, unknown>[]' is not assignable to parameter of type 'DashClawPolicy[]'.
  Type 'Record<string, unknown>' is missing the following properties from type 'DashClawPolicy': name, policy_type, rules
app/lib/compliance/exporter.ts(57,41): error TS2345: Argument of type 'GuardrailDocument' is not assignable to parameter of type 'PolicyDoc'.
  Types of property 'version' are incompatible.
    Type 'number' is not assignable to type 'string'.
app/lib/compliance/exporter.ts(92,28): error TS2345: Argument of type 'SqlClient' is not assignable to parameter of type 'SqlTag'.
  The types returned by 'query(...)' are incompatible between these types.
    Type 'Promise<unknown>' is not assignable to type 'Promise<Record<string, unknown>[]>'.
      Type 'unknown' is not assignable to type 'Record<string, unknown>[]'.
app/lib/compliance/exporter.ts(109,60): error TS2345: Argument of type 'SqlClient' is not assignable to parameter of type 'SqlTag'.
  The types returned by 'query(...)' are incompatible between these types.
    Type 'Promise<unknown>' is not assignable to type 'Promise<Record<string, unknown>[]>'.
      Type 'unknown' is not assignable to type 'Record<string, unknown>[]'.
app/lib/compliance/exporter.ts(110,60): error TS2345: Argument of type 'SqlClient' is not assignable to parameter of type 'SqlTag'.
  The types returned by 'query(...)' are incompatible between these types.
    Type 'Promise<unknown>' is not assignable to type 'Promise<Record<string, unknown>[]>'.
      Type 'unknown' is not assignable to type 'Record<string, unknown>[]'.
app/lib/compliance/exporter.ts(131,45): error TS2345: Argument of type 'SqlClient' is not assignable to parameter of type 'SqlTag'.
  The types returned by 'query(...)' are incompatible between these types.
    Type 'Promise<unknown>' is not assignable to type 'Promise<Record<string, unknown>[]>'.
      Type 'unknown' is not assignable to type 'Record<string, unknown>[]'.
app/lib/compliance/exporter.ts(176,27): error TS18046: 'prevRows' is of type 'unknown'.
app/lib/compliance/exporter.ts(183,54): error TS2345: Argument of type 'SqlClient' is not assignable to parameter of type 'SqlTag'.
  The types returned by 'query(...)' are incompatible between these types.
    Type 'Promise<unknown>' is not assignable to type 'Promise<Record<string, unknown>[]>'.
      Type 'unknown' is not assignable to type 'Record<string, unknown>[]'.
app/lib/compliance/exporter.ts(195,43): error TS2345: Argument of type 'SqlClient' is not assignable to parameter of type 'SqlTag'.
  The types returned by 'query(...)' are incompatible between these types.
    Type 'Promise<unknown>' is not assignable to type 'Promise<Record<string, unknown>[]>'.
      Type 'unknown' is not assignable to type 'Record<string, unknown>[]'.
app/lib/compliance/exporter.ts(366,10): error TS18046: 'rows' is of type 'unknown'.
app/lib/compliance/exporter.ts(422,10): error TS18046: 'rows' is of type 'unknown'.
app/lib/demo/demoFixtures.ts(244,18): error TS18048: 'action' is possibly 'undefined'.
app/lib/demo/demoMiddleware.ts(104,64): error TS2339: Property 'cost_estimate' does not exist on type '{ action_id: string; org_id: string; agent_id: string; agent_name: string; action_type: string; declared_goal: string; status: string; risk_score: number; confidence: number; timestamp_start: string; timestamp_end: string; verified: boolean; } | AnyRecord'.
  Property 'cost_estimate' does not exist on type '{ action_id: string; org_id: string; agent_id: string; agent_name: string; action_type: string; declared_goal: string; status: string; risk_score: number; confidence: number; timestamp_start: string; timestamp_end: string; verified: boolean; }'.
app/lib/demo/demoMiddleware.ts(683,45): error TS2339: Property 'policy_id' does not exist on type 'AnyRecord | { id: string; agent_id: string; agent_name: string; action_type: string; decision: string; action_id: string; reason: string; matched_policies: string[]; risk_score: number; created_at: string; signals: never[]; }'.
  Property 'policy_id' does not exist on type '{ id: string; agent_id: string; agent_name: string; action_type: string; decision: string; action_id: string; reason: string; matched_policies: string[]; risk_score: number; created_at: string; signals: never[]; }'.
app/lib/drift.ts(154,18): error TS18046: 'rows' is of type 'unknown'.
app/lib/drift.ts(160,18): error TS18046: 'rows' is of type 'unknown'.
app/lib/drift.ts(203,10): error TS18046: 'rows' is of type 'unknown'.
app/lib/drift.ts(227,11): error TS18046: 'baselineRows' is of type 'unknown'.
app/lib/drift.ts(228,24): error TS18046: 'baselineRows' is of type 'unknown'.
app/lib/drift.ts(238,25): error TS18046: 'rows' is of type 'unknown'.
app/lib/drift.ts(244,25): error TS18046: 'rows' is of type 'unknown'.
app/lib/drift.ts(297,18): error TS18046: 'rows' is of type 'unknown'.
app/lib/drift.ts(303,18): error TS18046: 'rows' is of type 'unknown'.
app/lib/drift.ts(358,10): error TS18046: 'rows' is of type 'unknown'.
app/lib/drift.ts(422,14): error TS18046: 'overall' is of type 'unknown'.
app/lib/eval.ts(221,31): error TS2345: Argument of type 'string | null' is not assignable to parameter of type 'string'.
  Type 'null' is not assignable to type 'string'.
app/lib/eval.ts(233,32): error TS2345: Argument of type 'string | undefined' is not assignable to parameter of type 'string'.
  Type 'undefined' is not assignable to type 'string'.
app/lib/feedback.ts(104,5): error TS2322: Type 'unknown' is not assignable to type 'Record<string, unknown>[]'.
app/lib/feedback.ts(110,5): error TS2322: Type 'unknown' is not assignable to type 'Record<string, unknown>[]'.
app/lib/feedback.ts(116,5): error TS2322: Type 'unknown' is not assignable to type 'Record<string, unknown>[]'.
app/lib/feedback.ts(122,5): error TS2322: Type 'unknown' is not assignable to type 'Record<string, unknown>[]'.
app/lib/feedback.ts(129,5): error TS2322: Type 'unknown' is not assignable to type 'Record<string, unknown>[]'.
app/lib/feedback.ts(135,3): error TS2322: Type 'unknown' is not assignable to type 'Record<string, unknown>[]'.
app/lib/feedback.ts(145,10): error TS18046: 'rows' is of type 'unknown'.
app/lib/feedback.ts(243,14): error TS18046: 'overall' is of type 'unknown'.
app/lib/feedback.ts(244,5): error TS2322: Type 'unknown' is not assignable to type 'Record<string, unknown>[]'.
app/lib/feedback.ts(245,5): error TS2322: Type 'unknown' is not assignable to type 'Record<string, unknown>[]'.
app/lib/feedback.ts(246,5): error TS2322: Type 'unknown' is not assignable to type 'Record<string, unknown>[]'.
app/lib/feedback.ts(247,5): error TS2322: Type 'unknown' is not assignable to type 'Record<string, unknown>[]'.
app/lib/guard.ts(641,13): error TS2345: Argument of type '{ verdict: string; violations: unknown[]; }' is not assignable to parameter of type 'VerifyResultLike'.
  Types of property 'violations' are incompatible.
    Type 'unknown[]' is not assignable to type 'ReceiptViolation[]'.
      Type 'unknown' is not assignable to type 'ReceiptViolation'.
app/lib/guard.ts(680,44): error TS2345: Argument of type 'Record<string, unknown>' is not assignable to parameter of type 'SourceOfTruth'.
  Type 'Record<string, unknown>' is missing the following properties from type 'SourceOfTruth': requiredFacts, allowedFacts
app/lib/guard.ts(732,55): error TS2345: Argument of type 'GuardEvalContext' is not assignable to parameter of type 'ActionForEmbedding'.
  Types of property 'systems_touched' are incompatible.
    Type 'unknown' is not assignable to type 'string[] | null | undefined'.
app/lib/guard.ts(794,18): error TS2339: Property 'allowed' does not exist on type '{}'.
app/lib/guard.ts(795,73): error TS2339: Property 'reason' does not exist on type '{}'.
app/lib/health-change-alerts.ts(107,53): error TS2345: Argument of type 'Record<string, unknown>[]' is not assignable to parameter of type 'SettingRow[]'.
  Type 'Record<string, unknown>' is missing the following properties from type 'SettingRow': key, value
app/lib/integrity/bundle.ts(89,30): error TS2322: Type 'CanonicalSignature' is not assignable to type 'Signature'.
  Index signature for type 'string' is missing in type 'CanonicalSignature'.
app/lib/integrity/bundle.ts(115,33): error TS2559: Type 'Signature' has no properties in common with type '{ alg?: unknown; sig?: unknown; }'.
app/lib/integrity/sign.ts(30,63): error TS2345: Argument of type 'object' is not assignable to parameter of type 'Ed25519Jwk'.
  Type '{}' is missing the following properties from type 'Ed25519Jwk': kty, crv, x
app/lib/integrity/sign.ts(48,30): error TS2345: Argument of type 'object' is not assignable to parameter of type 'Ed25519Jwk'.
  Type '{}' is missing the following properties from type 'Ed25519Jwk': kty, crv, x
app/lib/learningLoop.service.ts(22,52): error TS2345: Argument of type 'EpisodeScore' is not assignable to parameter of type 'ScoredEpisode'.
  Index signature for type 'string' is missing in type 'EpisodeScore'.
app/lib/learningLoop.service.ts(64,65): error TS2345: Argument of type 'Recommendation[]' is not assignable to parameter of type 'RecommendationInput[]'.
  Type 'Recommendation' is not assignable to type 'RecommendationInput'.
    Index signature for type 'string' is missing in type 'Recommendation'.
app/lib/missionControl.ts(248,55): error TS2362: The left-hand side of an arithmetic operation must be of type 'any', 'number', 'bigint' or an enum type.
app/lib/missionControl.ts(248,79): error TS2363: The right-hand side of an arithmetic operation must be of type 'any', 'number', 'bigint' or an enum type.
app/lib/missionControl.ts(304,31): error TS2362: The left-hand side of an arithmetic operation must be of type 'any', 'number', 'bigint' or an enum type.
app/lib/missionControl.ts(304,55): error TS2363: The right-hand side of an arithmetic operation must be of type 'any', 'number', 'bigint' or an enum type.
app/lib/missionControl.ts(365,58): error TS2362: The left-hand side of an arithmetic operation must be of type 'any', 'number', 'bigint' or an enum type.
app/lib/missionControl.ts(365,82): error TS2363: The right-hand side of an arithmetic operation must be of type 'any', 'number', 'bigint' or an enum type.
app/lib/missionControl.ts(403,58): error TS2362: The left-hand side of an arithmetic operation must be of type 'any', 'number', 'bigint' or an enum type.
app/lib/missionControl.ts(403,82): error TS2363: The right-hand side of an arithmetic operation must be of type 'any', 'number', 'bigint' or an enum type.
app/lib/missionControl.ts(408,31): error TS2362: The left-hand side of an arithmetic operation must be of type 'any', 'number', 'bigint' or an enum type.
app/lib/missionControl.ts(408,70): error TS2363: The right-hand side of an arithmetic operation must be of type 'any', 'number', 'bigint' or an enum type.
app/lib/missionControl.ts(413,31): error TS2362: The left-hand side of an arithmetic operation must be of type 'any', 'number', 'bigint' or an enum type.
app/lib/missionControl.ts(413,55): error TS2363: The right-hand side of an arithmetic operation must be of type 'any', 'number', 'bigint' or an enum type.
app/lib/missionControl.ts(421,58): error TS2362: The left-hand side of an arithmetic operation must be of type 'any', 'number', 'bigint' or an enum type.
app/lib/missionControl.ts(421,82): error TS2363: The right-hand side of an arithmetic operation must be of type 'any', 'number', 'bigint' or an enum type.
app/lib/operations-feed.ts(231,44): error TS2345: Argument of type 'SqlClient' is not assignable to parameter of type 'SqlClient'.
  Property 'query' is missing in type 'SqlClient' but required in type 'SqlClient'.
app/lib/operations-feed.ts(253,33): error TS2345: Argument of type 'SqlClient' is not assignable to parameter of type 'SqlClient'.
  Property 'query' is missing in type 'SqlClient' but required in type 'SqlClient'.
app/lib/policy-generator.ts(252,38): error TS2345: Argument of type 'SqlClient' is not assignable to parameter of type 'SqlTag'.
  Property 'query' is missing in type 'SqlClient' but required in type 'SqlTag'.
app/lib/policy-generator.ts(254,37): error TS2345: Argument of type '(s: { key: string; value: unknown; }) => unknown' is not assignable to parameter of type '(value: Record<string, unknown>, index: number, array: Record<string, unknown>[]) => unknown'.
  Types of parameters 's' and 'value' are incompatible.
    Type 'Record<string, unknown>' is missing the following properties from type '{ key: string; value: unknown; }': key, value
app/lib/policy-generator.ts(273,46): error TS2345: Argument of type 'SqlClient' is not assignable to parameter of type 'SqlTag'.
  Property 'query' is missing in type 'SqlClient' but required in type 'SqlTag'.
app/lib/prompt.ts(16,5): error TS2322: Type 'unknown' is not assignable to type 'PromptRow[]'.
app/lib/prompt.ts(26,3): error TS2322: Type 'unknown' is not assignable to type 'PromptRow[]'.
app/lib/prompt.ts(42,10): error TS18046: 'rows' is of type 'unknown'.
app/lib/prompt.ts(113,3): error TS2322: Type 'unknown' is not assignable to type 'PromptRow[]'.
app/lib/prompt.ts(126,10): error TS18046: 'rows' is of type 'unknown'.
app/lib/prompt.ts(137,10): error TS18046: 'rows' is of type 'unknown'.
app/lib/prompt.ts(157,7): error TS18046: 'ownerCheck' is of type 'unknown'.
app/lib/prompt.ts(167,25): error TS18046: 'maxRows' is of type 'unknown'.
app/lib/prompt.ts(297,14): error TS18046: 'rows' is of type 'unknown'.
app/lib/prompt.ts(342,16): error TS18046: 'overall' is of type 'unknown'.
app/lib/repositories/capabilities.repository.ts(336,7): error TS2345: Argument of type 'unknown' is not assignable to parameter of type 'string'.
app/lib/repositories/reputation.repository.ts(97,33): error TS2345: Argument of type 'ReputationVector' is not assignable to parameter of type 'import("C:/Projects/DashClaw/app/lib/reputation").ReputationVector'.
  Types of property 'agent_id' are incompatible.
    Type 'string | undefined' is not assignable to type 'string'.
      Type 'undefined' is not assignable to type 'string'.
app/lib/repositories/reputation.repository.ts(292,55): error TS2345: Argument of type 'import("C:/Projects/DashClaw/app/lib/reputation").ReputationVector' is not assignable to parameter of type 'ReputationVector'.
  Index signature for type 'string' is missing in type 'ReputationVector'.
app/lib/repositories/reputation.repository.ts(296,56): error TS2322: Type 'ReputationReceipt' is not assignable to type '{ [k: string]: unknown; vectorHash: string; }'.
  Index signature for type 'string' is missing in type 'ReputationReceipt'.
app/lib/repositories/reputation.repository.ts(298,12): error TS2322: Type 'import("C:/Projects/DashClaw/app/lib/reputation").ReputationVector' is not assignable to type 'ReputationVector'.
  Index signature for type 'string' is missing in type 'ReputationVector'.
app/lib/repositories/reputation.repository.ts(313,3): error TS2322: Type 'import("C:/Projects/DashClaw/app/lib/reputation").ReputationVector' is not assignable to type 'ReputationVector'.
  Index signature for type 'string' is missing in type 'ReputationVector'.
app/lib/repositories/reputation.repository.ts(328,33): error TS2345: Argument of type 'ReputationVector' is not assignable to parameter of type 'import("C:/Projects/DashClaw/app/lib/reputation").ReputationVector'.
  Types of property 'agent_id' are incompatible.
    Type 'string | undefined' is not assignable to type 'string'.
      Type 'undefined' is not assignable to type 'string'.
app/lib/reputation.ts(210,41): error TS2345: Argument of type 'unknown' is not assignable to parameter of type 'SigningKey'.
app/lib/reputation.ts(237,36): error TS2345: Argument of type 'unknown' is not assignable to parameter of type '{ alg?: unknown; sig?: unknown; } | null | undefined'.
app/lib/routing/router.ts(81,37): error TS2345: Argument of type 'AgentRow[]' is not assignable to parameter of type 'Agent[]'.
  Type 'AgentRow' is missing the following properties from type 'Agent': current_load, max_concurrent
app/lib/routing/router.ts(98,38): error TS2345: Argument of type 'AgentRow[]' is not assignable to parameter of type 'Agent[]'.
  Type 'AgentRow' is missing the following properties from type 'Agent': current_load, max_concurrent
app/lib/routing/router.ts(106,34): error TS2345: Argument of type 'Record<string, unknown> | undefined' is not assignable to parameter of type 'Row'.
  Type 'undefined' is not assignable to type 'Row'.
app/lib/routing/router.ts(112,22): error TS2345: Argument of type 'Record<string, unknown> | undefined' is not assignable to parameter of type 'Row'.
  Type 'undefined' is not assignable to type 'Row'.
app/lib/routing/router.ts(158,39): error TS2345: Argument of type '{}' is not assignable to parameter of type 'string'.
app/lib/routing/router.ts(176,31): error TS2345: Argument of type 'Record<string, unknown> | undefined' is not assignable to parameter of type 'Row'.
  Type 'undefined' is not assignable to type 'Row'.
app/lib/routing/router.ts(182,47): error TS2345: Argument of type 'Record<string, unknown> | undefined' is not assignable to parameter of type 'Row'.
  Type 'undefined' is not assignable to type 'Row'.
app/lib/routing/router.ts(187,29): error TS2345: Argument of type 'Record<string, unknown> | undefined' is not assignable to parameter of type 'Row'.
  Type 'undefined' is not assignable to type 'Row'.
app/lib/routing/router.ts(291,39): error TS2345: Argument of type 'Record<string, unknown> | undefined' is not assignable to parameter of type 'Row'.
  Type 'undefined' is not assignable to type 'Row'.
app/lib/signals.ts(187,26): error TS18048: 'stalePresence' is possibly 'undefined'.
app/lib/signals.ts(205,23): error TS18048: 'autonomySpikes' is possibly 'undefined'.
app/lib/signals.ts(217,24): error TS18048: 'highImpact' is possibly 'undefined'.
app/lib/signals.ts(230,22): error TS18048: 'repeatedFailures' is possibly 'undefined'.
app/lib/signals.ts(242,22): error TS18048: 'staleLoops' is possibly 'undefined'.
app/lib/signals.ts(256,23): error TS18048: 'assumptionDrift' is possibly 'undefined'.
app/lib/signals.ts(268,21): error TS18048: 'staleAssumptions' is possibly 'undefined'.
app/lib/signals.ts(282,24): error TS18048: 'staleRunning' is possibly 'undefined'.
app/lib/signals.ts(296,21): error TS18048: 'stuckWorkflows' is possibly 'undefined'.
app/lib/signals.ts(311,21): error TS18048: 'staleApprovals' is possibly 'undefined'.
app/lib/signals.ts(331,63): error TS18048: 'health' is possibly 'undefined'.
app/lib/signals.ts(332,24): error TS18048: 'connections' is possibly 'undefined'.
app/lib/signals.ts(348,30): error TS18048: 'health' is possibly 'undefined'.
app/lib/usage.ts(335,18): error TS2352: Conversion of type 'PlanLimits' to type 'Record<string, number>' may be a mistake because neither type sufficiently overlaps with the other. If this was intentional, convert the expression to 'unknown' first.
  Index signature for type 'string' is missing in type 'PlanLimits'.
app/lib/validators/sync.ts(15,17): error TS2554: Expected 2-3 arguments, but got 1.
app/lib/validators/sync.ts(82,37): error TS2345: Argument of type 'ZodDefault<ZodNumber>' is not assignable to parameter of type '$ZodType<any, number, $ZodTypeInternals<any, number>>'.
  The types of '_zod.input' are incompatible between these types.
    Type 'number | undefined' is not assignable to type 'number'.
      Type 'undefined' is not assignable to type 'number'.
app/lib/validators/sync.ts(121,17): error TS2554: Expected 2-3 arguments, but got 1.
app/lib/workflow-executor.ts(88,48): error TS2345: Argument of type 'unknown' is not assignable to parameter of type '{ collection_id?: string | undefined; query?: string | undefined; top_k?: number | undefined; }'.
app/lib/workflow-executor.ts(90,49): error TS2345: Argument of type 'unknown' is not assignable to parameter of type '{ capability_id?: string | undefined; body?: unknown; }'.
app/lib/workflow-executor.ts(92,39): error TS2345: Argument of type 'unknown' is not assignable to parameter of type '{ prompt_template?: string | undefined; system_prompt?: string | undefined; max_tokens?: number | undefined; temperature?: number | undefined; }'.
app/lib/workflow-executor.ts(184,47): error TS2345: Argument of type '{}' is not assignable to parameter of type 'string'.
